time,meterusage
2019-01-01T00:15:00Z,55.09
2019-01-01T00:30:00Z,54.64
2019-01-01T00:45:00Z,55.18
2019-01-01T01:00:00Z,56.03
2019-01-01T01:15:00Z,55.77
2019-01-01T01:30:00Z,55.45
2019-01-01T01:45:00Z,55.74
2019-01-01T02:00:00Z,55.8
2019-01-01T02:15:00Z,55.62
2019-01-01T02:30:00Z,55.45
2019-01-01T02:45:00Z,55.52
2019-01-01T03:00:00Z,56.0
2019-01-01T03:15:00Z,55.88
2019-01-01T03:30:00Z,59.57
2019-01-01T03:45:00Z,62.9
2019-01-01T04:00:00Z,62.54
2019-01-01T04:15:00Z,62.18
2019-01-01T04:30:00Z,62.86
2019-01-01T04:45:00Z,62.73
2019-01-01T05:00:00Z,62.84
2019-01-01T05:15:00Z,63.52
2019-01-01T05:30:00Z,78.1
2019-01-01T05:45:00Z,108.79
2019-01-01T06:00:00Z,111.19
2019-01-01T06:15:00Z,118.67
2019-01-01T06:30:00Z,135.37
2019-01-01T06:45:00Z,142.55
2019-01-01T07:00:00Z,145.97
2019-01-01T07:15:00Z,141.31
2019-01-01T07:30:00Z,133.58
2019-01-01T07:45:00Z,131.19
2019-01-01T08:00:00Z,133.22
2019-01-01T08:15:00Z,135.18
2019-01-01T08:30:00Z,134.71
2019-01-01T08:45:00Z,134.07
2019-01-01T09:00:00Z,134.11
2019-01-01T09:15:00Z,137.63
2019-01-01T09:30:00Z,134.85
2019-01-01T09:45:00Z,137.01
2019-01-01T10:00:00Z,134.23
2019-01-01T10:15:00Z,135.59
2019-01-01T10:30:00Z,136.59
2019-01-01T10:45:00Z,134.23
2019-01-01T11:00:00Z,134.19
2019-01-01T11:15:00Z,137.59
2019-01-01T11:30:00Z,137.03
2019-01-01T11:45:00Z,137.12
2019-01-01T12:00:00Z,135.45
2019-01-01T12:15:00Z,132.78
2019-01-01T12:30:00Z,134.73
2019-01-01T12:45:00Z,135.4
2019-01-01T13:00:00Z,135.3
2019-01-01T13:15:00Z,132.93
2019-01-01T13:30:00Z,133.68
2019-01-01T13:45:00Z,135.07
2019-01-01T14:00:00Z,132.15
2019-01-01T14:15:00Z,131.06
2019-01-01T14:30:00Z,134.0
2019-01-01T14:45:00Z,132.56
2019-01-01T15:00:00Z,131.19
2019-01-01T15:15:00Z,130.33
2019-01-01T15:30:00Z,130.77
2019-01-01T15:45:00Z,131.64
2019-01-01T16:00:00Z,135.8
2019-01-01T16:15:00Z,134.58
2019-01-01T16:30:00Z,131.9
2019-01-01T16:45:00Z,130.41
2019-01-01T17:00:00Z,133.33
2019-01-01T17:15:00Z,138.18
2019-01-01T17:30:00Z,129.98
2019-01-01T17:45:00Z,116.3
2019-01-01T18:00:00Z,108.53
2019-01-01T18:15:00Z,107.82
2019-01-01T18:30:00Z,107.84
2019-01-01T18:45:00Z,106.18
2019-01-01T19:00:00Z,106.75
2019-01-01T19:15:00Z,108.4
2019-01-01T19:30:00Z,105.72
2019-01-01T19:45:00Z,105.95
2019-01-01T20:00:00Z,93.74
2019-01-01T20:15:00Z,87.41
2019-01-01T20:30:00Z,87.36
2019-01-01T20:45:00Z,94.94
2019-01-01T21:00:00Z,132.83
2019-01-01T21:15:00Z,110.53
2019-01-01T21:30:00Z,84.24
2019-01-01T21:45:00Z,80.86
2019-01-01T22:00:00Z,70.35
2019-01-01T22:15:00Z,59.63
2019-01-01T22:30:00Z,55.18
2019-01-01T22:45:00Z,54.47
2019-01-01T23:00:00Z,55.08
2019-01-01T23:15:00Z,55.11
2019-01-01T23:30:00Z,55.19
2019-01-01T23:45:00Z,55.56
2019-01-02T00:00:00Z,55.87
2019-01-02T00:15:00Z,55.67
2019-01-02T00:30:00Z,55.43
2019-01-02T00:45:00Z,56.03
2019-01-02T01:00:00Z,56.63
2019-01-02T01:15:00Z,57.51
2019-01-02T01:30:00Z,57.68
2019-01-02T01:45:00Z,57.91
2019-01-02T02:00:00Z,57.71
2019-01-02T02:15:00Z,58.32
2019-01-02T02:30:00Z,58.37
2019-01-02T02:45:00Z,58.27
2019-01-02T03:00:00Z,58.68
2019-01-02T03:15:00Z,58.2
2019-01-02T03:30:00Z,63.06
2019-01-02T03:45:00Z,67.94
2019-01-02T04:00:00Z,68.69
2019-01-02T04:15:00Z,67.62
2019-01-02T04:30:00Z,67.4
2019-01-02T04:45:00Z,68.45
2019-01-02T05:00:00Z,73.29
2019-01-02T05:15:00Z,78.36
2019-01-02T05:30:00Z,102.68
2019-01-02T05:45:00Z,162.75
2019-01-02T06:00:00Z,164.7
2019-01-02T06:15:00Z,151.26
2019-01-02T06:30:00Z,156.94
2019-01-02T06:45:00Z,173.5
2019-01-02T07:00:00Z,180.35
2019-01-02T07:15:00Z,182.95
2019-01-02T07:30:00Z,199.31
2019-01-02T07:45:00Z,221.18
2019-01-02T08:00:00Z,233.64
2019-01-02T08:15:00Z,239.33
2019-01-02T08:30:00Z,252.93
2019-01-02T08:45:00Z,260.4
2019-01-02T09:00:00Z,262.83
2019-01-02T09:15:00Z,261.67
2019-01-02T09:30:00Z,263.98
2019-01-02T09:45:00Z,263.55
2019-01-02T10:00:00Z,261.75
2019-01-02T10:15:00Z,269.27
2019-01-02T10:30:00Z,270.87
2019-01-02T10:45:00Z,268.86
2019-01-02T11:00:00Z,264.86
2019-01-02T11:15:00Z,261.57
2019-01-02T11:30:00Z,259.88
2019-01-02T11:45:00Z,254.46
2019-01-02T12:00:00Z,259.45
2019-01-02T12:15:00Z,262.77
2019-01-02T12:30:00Z,258.37
2019-01-02T12:45:00Z,260.17
2019-01-02T13:00:00Z,258.99
2019-01-02T13:15:00Z,255.46
2019-01-02T13:30:00Z,253.93
2019-01-02T13:45:00Z,252.2
2019-01-02T14:00:00Z,246.99
2019-01-02T14:15:00Z,247.32
2019-01-02T14:30:00Z,248.06
2019-01-02T14:45:00Z,243.94
2019-01-02T15:00:00Z,245.46
2019-01-02T15:15:00Z,246.22
2019-01-02T15:30:00Z,241.72
2019-01-02T15:45:00Z,239.55
2019-01-02T16:00:00Z,240.96
2019-01-02T16:15:00Z,238.41
2019-01-02T16:30:00Z,228.85
2019-01-02T16:45:00Z,227.15
2019-01-02T17:00:00Z,232.01
2019-01-02T17:15:00Z,227.23
2019-01-02T17:30:00Z,206.15
2019-01-02T17:45:00Z,179.32
2019-01-02T18:00:00Z,155.34
2019-01-02T18:15:00Z,138.3
2019-01-02T18:30:00Z,131.47
2019-01-02T18:45:00Z,136.15
2019-01-02T19:00:00Z,178.71
2019-01-02T19:15:00Z,161.46
2019-01-02T19:30:00Z,133.63
2019-01-02T19:45:00Z,126.96
2019-01-02T20:00:00Z,123.07
2019-01-02T20:15:00Z,121.82
2019-01-02T20:30:00Z,144.74
2019-01-02T20:45:00Z,164.83
2019-01-02T21:00:00Z,133.33
2019-01-02T21:15:00Z,114.83
2019-01-02T21:30:00Z,114.96
2019-01-02T21:45:00Z,104.22
2019-01-02T22:00:00Z,73.33
2019-01-02T22:15:00Z,54.19
2019-01-02T22:30:00Z,50.14
2019-01-02T22:45:00Z,49.76
2019-01-02T23:00:00Z,49.61
2019-01-02T23:15:00Z,47.23
2019-01-02T23:30:00Z,46.0
2019-01-02T23:45:00Z,45.97
2019-01-03T00:00:00Z,47.21
2019-01-03T00:15:00Z,46.31
2019-01-03T00:30:00Z,45.89
2019-01-03T00:45:00Z,45.65
2019-01-03T01:00:00Z,45.67
2019-01-03T01:15:00Z,45.6
2019-01-03T01:30:00Z,46.05
2019-01-03T01:45:00Z,45.81
2019-01-03T02:00:00Z,45.95
2019-01-03T02:15:00Z,45.83
2019-01-03T02:30:00Z,46.39
2019-01-03T02:45:00Z,46.37
2019-01-03T03:00:00Z,46.95
2019-01-03T03:15:00Z,49.31
2019-01-03T03:30:00Z,53.73
2019-01-03T03:45:00Z,55.59
2019-01-03T04:00:00Z,55.25
2019-01-03T04:15:00Z,54.98
2019-01-03T04:30:00Z,56.06
2019-01-03T04:45:00Z,57.09
2019-01-03T05:00:00Z,64.27
2019-01-03T05:15:00Z,70.64
2019-01-03T05:30:00Z,88.99
2019-01-03T05:45:00Z,155.41
2019-01-03T06:00:00Z,164.39
2019-01-03T06:15:00Z,150.47
2019-01-03T06:30:00Z,158.98
2019-01-03T06:45:00Z,172.92
2019-01-03T07:00:00Z,181.79
2019-01-03T07:15:00Z,189.5
2019-01-03T07:30:00Z,195.76
2019-01-03T07:45:00Z,205.16
2019-01-03T08:00:00Z,231.49
2019-01-03T08:15:00Z,250.49
2019-01-03T08:30:00Z,256.03
2019-01-03T08:45:00Z,258.4
2019-01-03T09:00:00Z,267.27
2019-01-03T09:15:00Z,273.07
2019-01-03T09:30:00Z,267.84
2019-01-03T09:45:00Z,261.48
2019-01-03T10:00:00Z,263.39
2019-01-03T10:15:00Z,264.72
2019-01-03T10:30:00Z,263.46
2019-01-03T10:45:00Z,264.56
2019-01-03T11:00:00Z,263.55
2019-01-03T11:15:00Z,263.1
2019-01-03T11:30:00Z,265.25
2019-01-03T11:45:00Z,265.59
2019-01-03T12:00:00Z,265.68
2019-01-03T12:15:00Z,264.32
2019-01-03T12:30:00Z,260.82
2019-01-03T12:45:00Z,261.22
2019-01-03T13:00:00Z,263.24
2019-01-03T13:15:00Z,260.08
2019-01-03T13:30:00Z,258.11
2019-01-03T13:45:00Z,260.59
2019-01-03T14:00:00Z,253.08
2019-01-03T14:15:00Z,251.16
2019-01-03T14:30:00Z,259.1
2019-01-03T14:45:00Z,254.54
2019-01-03T15:00:00Z,251.82
2019-01-03T15:15:00Z,253.56
2019-01-03T15:30:00Z,253.18
2019-01-03T15:45:00Z,257.56
2019-01-03T16:00:00Z,262.13
2019-01-03T16:15:00Z,262.23
2019-01-03T16:30:00Z,257.28
2019-01-03T16:45:00Z,252.99
2019-01-03T17:00:00Z,245.17
2019-01-03T17:15:00Z,235.12
2019-01-03T17:30:00Z,223.06
2019-01-03T17:45:00Z,193.12
2019-01-03T18:00:00Z,159.52
2019-01-03T18:15:00Z,143.66
2019-01-03T18:30:00Z,139.23
2019-01-03T18:45:00Z,139.3
2019-01-03T19:00:00Z,180.57
2019-01-03T19:15:00Z,165.82
2019-01-03T19:30:00Z,137.87
2019-01-03T19:45:00Z,131.21
2019-01-03T20:00:00Z,128.58
2019-01-03T20:15:00Z,125.86
2019-01-03T20:30:00Z,150.92
2019-01-03T20:45:00Z,170.36
2019-01-03T21:00:00Z,137.06
2019-01-03T21:15:00Z,118.39
2019-01-03T21:30:00Z,118.26
2019-01-03T21:45:00Z,112.38
2019-01-03T22:00:00Z,86.3
2019-01-03T22:15:00Z,62.42
2019-01-03T22:30:00Z,55.45
2019-01-03T22:45:00Z,55.34
2019-01-03T23:00:00Z,55.41
2019-01-03T23:15:00Z,54.6
2019-01-03T23:30:00Z,52.21
2019-01-03T23:45:00Z,51.12
2019-01-04T00:00:00Z,51.0
2019-01-04T00:15:00Z,51.14
2019-01-04T00:30:00Z,51.24
2019-01-04T00:45:00Z,51.0
2019-01-04T01:00:00Z,51.26
2019-01-04T01:15:00Z,51.03
2019-01-04T01:30:00Z,51.12
2019-01-04T01:45:00Z,51.62
2019-01-04T02:00:00Z,51.54
2019-01-04T02:15:00Z,50.97
2019-01-04T02:30:00Z,51.04
2019-01-04T02:45:00Z,51.52
2019-01-04T03:00:00Z,50.9
2019-01-04T03:15:00Z,50.87
2019-01-04T03:30:00Z,57.31
2019-01-04T03:45:00Z,61.89
2019-01-04T04:00:00Z,61.53
2019-01-04T04:15:00Z,60.81
2019-01-04T04:30:00Z,60.93
2019-01-04T04:45:00Z,63.75
2019-01-04T05:00:00Z,70.27
2019-01-04T05:15:00Z,76.92
2019-01-04T05:30:00Z,95.87
2019-01-04T05:45:00Z,162.85
2019-01-04T06:00:00Z,176.84
2019-01-04T06:15:00Z,163.81
2019-01-04T06:30:00Z,172.73
2019-01-04T06:45:00Z,186.77
2019-01-04T07:00:00Z,192.65
2019-01-04T07:15:00Z,192.82
2019-01-04T07:30:00Z,205.1
2019-01-04T07:45:00Z,210.87
2019-01-04T08:00:00Z,227.76
2019-01-04T08:15:00Z,245.31
2019-01-04T08:30:00Z,258.4
2019-01-04T08:45:00Z,268.22
2019-01-04T09:00:00Z,272.19
2019-01-04T09:15:00Z,277.17
2019-01-04T09:30:00Z,276.54
2019-01-04T09:45:00Z,270.7
2019-01-04T10:00:00Z,267.36
2019-01-04T10:15:00Z,265.28
2019-01-04T10:30:00Z,263.8
2019-01-04T10:45:00Z,263.57
2019-01-04T11:00:00Z,268.59
2019-01-04T11:15:00Z,263.67
2019-01-04T11:30:00Z,263.56
2019-01-04T11:45:00Z,261.91
2019-01-04T12:00:00Z,263.11
2019-01-04T12:15:00Z,264.24
2019-01-04T12:30:00Z,263.83
2019-01-04T12:45:00Z,265.0
2019-01-04T13:00:00Z,267.16
2019-01-04T13:15:00Z,265.1
2019-01-04T13:30:00Z,258.13
2019-01-04T13:45:00Z,258.01
2019-01-04T14:00:00Z,260.45
2019-01-04T14:15:00Z,258.21
2019-01-04T14:30:00Z,257.12
2019-01-04T14:45:00Z,255.66
2019-01-04T15:00:00Z,254.7
2019-01-04T15:15:00Z,251.72
2019-01-04T15:30:00Z,251.06
2019-01-04T15:45:00Z,251.52
2019-01-04T16:00:00Z,249.5
2019-01-04T16:15:00Z,247.9
2019-01-04T16:30:00Z,247.5
2019-01-04T16:45:00Z,248.18
2019-01-04T17:00:00Z,245.88
2019-01-04T17:15:00Z,231.12
2019-01-04T17:30:00Z,213.68
2019-01-04T17:45:00Z,185.15
2019-01-04T18:00:00Z,157.01
2019-01-04T18:15:00Z,141.02
2019-01-04T18:30:00Z,129.7
2019-01-04T18:45:00Z,126.52
2019-01-04T19:00:00Z,170.75
2019-01-04T19:15:00Z,160.57
2019-01-04T19:30:00Z,128.24
2019-01-04T19:45:00Z,119.3
2019-01-04T20:00:00Z,120.32
2019-01-04T20:15:00Z,120.03
2019-01-04T20:30:00Z,141.45
2019-01-04T20:45:00Z,163.09
2019-01-04T21:00:00Z,131.79
2019-01-04T21:15:00Z,113.61
2019-01-04T21:30:00Z,108.31
2019-01-04T21:45:00Z,93.54
2019-01-04T22:00:00Z,73.68
2019-01-04T22:15:00Z,60.13
2019-01-04T22:30:00Z,56.19
2019-01-04T22:45:00Z,55.02
2019-01-04T23:00:00Z,52.93
2019-01-04T23:15:00Z,49.87
2019-01-04T23:30:00Z,48.65
2019-01-04T23:45:00Z,49.08
2019-01-05T00:00:00Z,49.79
2019-01-05T00:15:00Z,49.76
2019-01-05T00:30:00Z,49.19
2019-01-05T00:45:00Z,49.66
2019-01-05T01:00:00Z,48.87
2019-01-05T01:15:00Z,48.85
2019-01-05T01:30:00Z,48.9
2019-01-05T01:45:00Z,49.38
2019-01-05T02:00:00Z,49.34
2019-01-05T02:15:00Z,49.25
2019-01-05T02:30:00Z,48.77
2019-01-05T02:45:00Z,47.94
2019-01-05T03:00:00Z,47.34
2019-01-05T03:15:00Z,48.19
2019-01-05T03:30:00Z,49.3
2019-01-05T03:45:00Z,48.84
2019-01-05T04:00:00Z,47.69
2019-01-05T04:15:00Z,47.41
2019-01-05T04:30:00Z,47.35
2019-01-05T04:45:00Z,48.44
2019-01-05T05:00:00Z,48.34
2019-01-05T05:15:00Z,47.58
2019-01-05T05:30:00Z,47.21
2019-01-05T05:45:00Z,47.77
2019-01-05T06:00:00Z,47.86
2019-01-05T06:15:00Z,47.74
2019-01-05T06:30:00Z,49.16
2019-01-05T06:45:00Z,52.63
2019-01-05T07:00:00Z,52.78
2019-01-05T07:15:00Z,51.83
2019-01-05T07:30:00Z,51.57
2019-01-05T07:45:00Z,52.6
2019-01-05T08:00:00Z,52.27
2019-01-05T08:15:00Z,51.63
2019-01-05T08:30:00Z,51.06
2019-01-05T08:45:00Z,51.26
2019-01-05T09:00:00Z,53.98
2019-01-05T09:15:00Z,56.37
2019-01-05T09:30:00Z,56.96
2019-01-05T09:45:00Z,56.03
2019-01-05T10:00:00Z,55.69
2019-01-05T10:15:00Z,55.53
2019-01-05T10:30:00Z,56.22
2019-01-05T10:45:00Z,56.9
2019-01-05T11:00:00Z,56.21
2019-01-05T11:15:00Z,55.69
2019-01-05T11:30:00Z,55.73
2019-01-05T11:45:00Z,55.91
2019-01-05T12:00:00Z,56.16
2019-01-05T12:15:00Z,55.68
2019-01-05T12:30:00Z,55.56
2019-01-05T12:45:00Z,56.71
2019-01-05T13:00:00Z,57.28
2019-01-05T13:15:00Z,57.08
2019-01-05T13:30:00Z,55.88
2019-01-05T13:45:00Z,56.64
2019-01-05T14:00:00Z,56.76
2019-01-05T14:15:00Z,56.51
2019-01-05T14:30:00Z,56.15
2019-01-05T14:45:00Z,55.35
2019-01-05T15:00:00Z,55.21
2019-01-05T15:15:00Z,55.8
2019-01-05T15:30:00Z,56.28
2019-01-05T15:45:00Z,56.21
2019-01-05T16:00:00Z,55.48
2019-01-05T16:15:00Z,54.41
2019-01-05T16:30:00Z,52.52
2019-01-05T16:45:00Z,52.0
2019-01-05T17:00:00Z,52.63
2019-01-05T17:15:00Z,51.88
2019-01-05T17:30:00Z,51.94
2019-01-05T17:45:00Z,52.37
2019-01-05T18:00:00Z,53.38
2019-01-05T18:15:00Z,52.53
2019-01-05T18:30:00Z,51.59
2019-01-05T18:45:00Z,52.39
2019-01-05T19:00:00Z,52.65
2019-01-05T19:15:00Z,53.13
2019-01-05T19:30:00Z,52.46
2019-01-05T19:45:00Z,50.58
2019-01-05T20:00:00Z,48.78
2019-01-05T20:15:00Z,47.5
2019-01-05T20:30:00Z,47.34
2019-01-05T20:45:00Z,47.32
2019-01-05T21:00:00Z,47.65
2019-01-05T21:15:00Z,47.66
2019-01-05T21:30:00Z,47.49
2019-01-05T21:45:00Z,47.74
2019-01-05T22:00:00Z,47.98
2019-01-05T22:15:00Z,48.1
2019-01-05T22:30:00Z,48.2
2019-01-05T22:45:00Z,48.45
2019-01-05T23:00:00Z,47.74
2019-01-05T23:15:00Z,47.32
2019-01-05T23:30:00Z,47.76
2019-01-05T23:45:00Z,48.41
2019-01-06T00:00:00Z,48.38
2019-01-06T00:15:00Z,48.06
2019-01-06T00:30:00Z,47.65
2019-01-06T00:45:00Z,47.74
2019-01-06T01:00:00Z,48.29
2019-01-06T01:15:00Z,47.43
2019-01-06T01:30:00Z,48.36
2019-01-06T01:45:00Z,48.51
2019-01-06T02:00:00Z,48.59
2019-01-06T02:15:00Z,47.71
2019-01-06T02:30:00Z,47.81
2019-01-06T02:45:00Z,49.5
2019-01-06T03:00:00Z,48.6
2019-01-06T03:15:00Z,47.99
2019-01-06T03:30:00Z,48.48
2019-01-06T03:45:00Z,48.69
2019-01-06T04:00:00Z,48.13
2019-01-06T04:15:00Z,47.46
2019-01-06T04:30:00Z,48.58
2019-01-06T04:45:00Z,48.94
2019-01-06T05:00:00Z,47.7
2019-01-06T05:15:00Z,47.73
2019-01-06T05:30:00Z,47.76
2019-01-06T05:45:00Z,47.2
2019-01-06T06:00:00Z,47.66
2019-01-06T06:15:00Z,48.0
2019-01-06T06:30:00Z,50.16
2019-01-06T06:45:00Z,51.99
2019-01-06T07:00:00Z,52.37
2019-01-06T07:15:00Z,52.07
2019-01-06T07:30:00Z,51.43
2019-01-06T07:45:00Z,52.85
2019-01-06T08:00:00Z,52.74
2019-01-06T08:15:00Z,52.59
2019-01-06T08:30:00Z,51.7
2019-01-06T08:45:00Z,51.75
2019-01-06T09:00:00Z,52.45
2019-01-06T09:15:00Z,52.46
2019-01-06T09:30:00Z,52.3
2019-01-06T09:45:00Z,52.29
2019-01-06T10:00:00Z,52.35
2019-01-06T10:15:00Z,52.02
2019-01-06T10:30:00Z,52.51
2019-01-06T10:45:00Z,52.62
2019-01-06T11:00:00Z,52.63
2019-01-06T11:15:00Z,51.79
2019-01-06T11:30:00Z,51.17
2019-01-06T11:45:00Z,51.99
2019-01-06T12:00:00Z,52.45
2019-01-06T12:15:00Z,51.9
2019-01-06T12:30:00Z,51.77
2019-01-06T12:45:00Z,51.67
2019-01-06T13:00:00Z,52.3
2019-01-06T13:15:00Z,52.18
2019-01-06T13:30:00Z,51.36
2019-01-06T13:45:00Z,51.83
2019-01-06T14:00:00Z,53.21
2019-01-06T14:15:00Z,52.47
2019-01-06T14:30:00Z,52.95
2019-01-06T14:45:00Z,52.72
2019-01-06T15:00:00Z,52.08
2019-01-06T15:15:00Z,51.94
2019-01-06T15:30:00Z,51.82
2019-01-06T15:45:00Z,52.4
2019-01-06T16:00:00Z,52.48
2019-01-06T16:15:00Z,51.77
2019-01-06T16:30:00Z,51.68
2019-01-06T16:45:00Z,55.03
2019-01-06T17:00:00Z,58.16
2019-01-06T17:15:00Z,59.27
2019-01-06T17:30:00Z,59.48
2019-01-06T17:45:00Z,59.71
2019-01-06T18:00:00Z,74.3
2019-01-06T18:15:00Z,102.52
2019-01-06T18:30:00Z,79.25
2019-01-06T18:45:00Z,62.36
2019-01-06T19:00:00Z,62.82
2019-01-06T19:15:00Z,62.82
2019-01-06T19:30:00Z,62.13
2019-01-06T19:45:00Z,80.56
2019-01-06T20:00:00Z,98.94
2019-01-06T20:15:00Z,73.94
2019-01-06T20:30:00Z,58.6
2019-01-06T20:45:00Z,58.22
2019-01-06T21:00:00Z,58.23
2019-01-06T21:15:00Z,58.19
2019-01-06T21:30:00Z,57.89
2019-01-06T21:45:00Z,59.67
2019-01-06T22:00:00Z,97.49
2019-01-06T22:15:00Z,85.23
2019-01-06T22:30:00Z,61.61
2019-01-06T22:45:00Z,57.78
2019-01-06T23:00:00Z,58.05
2019-01-06T23:15:00Z,59.08
2019-01-06T23:30:00Z,59.01
2019-01-06T23:45:00Z,76.5
2019-01-07T00:00:00Z,114.57
2019-01-07T00:15:00Z,101.21
2019-01-07T00:30:00Z,86.93
2019-01-07T00:45:00Z,87.25
2019-01-07T01:00:00Z,90.81
2019-01-07T01:15:00Z,90.65
2019-01-07T01:30:00Z,88.37
2019-01-07T01:45:00Z,87.9
2019-01-07T02:00:00Z,88.15
2019-01-07T02:15:00Z,92.22
2019-01-07T02:30:00Z,106.64
2019-01-07T02:45:00Z,122.8
2019-01-07T03:00:00Z,129.82
2019-01-07T03:15:00Z,129.72
2019-01-07T03:30:00Z,121.94
2019-01-07T03:45:00Z,117.31
2019-01-07T04:00:00Z,115.86
2019-01-07T04:15:00Z,119.02
2019-01-07T04:30:00Z,121.38
2019-01-07T04:45:00Z,126.98
2019-01-07T05:00:00Z,137.04
2019-01-07T05:15:00Z,143.52
2019-01-07T05:30:00Z,142.11
2019-01-07T05:45:00Z,136.33
2019-01-07T06:00:00Z,134.09
2019-01-07T06:15:00Z,145.11
2019-01-07T06:30:00Z,165.99
2019-01-07T06:45:00Z,179.89
2019-01-07T07:00:00Z,184.94
2019-01-07T07:15:00Z,199.91
2019-01-07T07:30:00Z,213.54
2019-01-07T07:45:00Z,221.92
2019-01-07T08:00:00Z,237.86
2019-01-07T08:15:00Z,254.82
2019-01-07T08:30:00Z,269.9
2019-01-07T08:45:00Z,279.72
2019-01-07T09:00:00Z,287.69
2019-01-07T09:15:00Z,289.0
2019-01-07T09:30:00Z,289.86
2019-01-07T09:45:00Z,297.14
2019-01-07T10:00:00Z,294.14
2019-01-07T10:15:00Z,291.09
2019-01-07T10:30:00Z,292.31
2019-01-07T10:45:00Z,289.24
2019-01-07T11:00:00Z,288.58
2019-01-07T11:15:00Z,289.96
2019-01-07T11:30:00Z,287.53
2019-01-07T11:45:00Z,280.38
2019-01-07T12:00:00Z,284.64
2019-01-07T12:15:00Z,289.27
2019-01-07T12:30:00Z,289.8
2019-01-07T12:45:00Z,286.93
2019-01-07T13:00:00Z,284.35
2019-01-07T13:15:00Z,283.39
2019-01-07T13:30:00Z,281.86
2019-01-07T13:45:00Z,280.16
2019-01-07T14:00:00Z,276.45
2019-01-07T14:15:00Z,275.11
2019-01-07T14:30:00Z,273.65
2019-01-07T14:45:00Z,273.16
2019-01-07T15:00:00Z,270.59
2019-01-07T15:15:00Z,264.28
2019-01-07T15:30:00Z,262.1
2019-01-07T15:45:00Z,265.41
2019-01-07T16:00:00Z,267.28
2019-01-07T16:15:00Z,259.0
2019-01-07T16:30:00Z,251.72
2019-01-07T16:45:00Z,253.86
2019-01-07T17:00:00Z,253.17
2019-01-07T17:15:00Z,248.13
2019-01-07T17:30:00Z,237.64
2019-01-07T17:45:00Z,222.29
2019-01-07T18:00:00Z,193.24
2019-01-07T18:15:00Z,174.39
2019-01-07T18:30:00Z,165.36
2019-01-07T18:45:00Z,163.35
2019-01-07T19:00:00Z,200.95
2019-01-07T19:15:00Z,196.17
2019-01-07T19:30:00Z,161.01
2019-01-07T19:45:00Z,149.13
2019-01-07T20:00:00Z,143.72
2019-01-07T20:15:00Z,139.83
2019-01-07T20:30:00Z,138.94
2019-01-07T20:45:00Z,174.8
2019-01-07T21:00:00Z,176.2
2019-01-07T21:15:00Z,144.65
2019-01-07T21:30:00Z,129.86
2019-01-07T21:45:00Z,114.51
2019-01-07T22:00:00Z,91.91
2019-01-07T22:15:00Z,77.94
2019-01-07T22:30:00Z,73.94
2019-01-07T22:45:00Z,74.75
2019-01-07T23:00:00Z,72.92
2019-01-07T23:15:00Z,62.31
2019-01-07T23:30:00Z,57.52
2019-01-07T23:45:00Z,57.58
2019-01-08T00:00:00Z,57.84
2019-01-08T00:15:00Z,57.96
2019-01-08T00:30:00Z,58.58
2019-01-08T00:45:00Z,59.01
2019-01-08T01:00:00Z,58.43
2019-01-08T01:15:00Z,58.25
2019-01-08T01:30:00Z,58.35
2019-01-08T01:45:00Z,58.17
2019-01-08T02:00:00Z,58.59
2019-01-08T02:15:00Z,58.69
2019-01-08T02:30:00Z,58.58
2019-01-08T02:45:00Z,59.31
2019-01-08T03:00:00Z,59.38
2019-01-08T03:15:00Z,61.34
2019-01-08T03:30:00Z,66.77
2019-01-08T03:45:00Z,69.58
2019-01-08T04:00:00Z,70.08
2019-01-08T04:15:00Z,70.13
2019-01-08T04:30:00Z,69.03
2019-01-08T04:45:00Z,68.98
2019-01-08T05:00:00Z,69.97
2019-01-08T05:15:00Z,77.74
2019-01-08T05:30:00Z,97.22
2019-01-08T05:45:00Z,123.46
2019-01-08T06:00:00Z,125.72
2019-01-08T06:15:00Z,141.27
2019-01-08T06:30:00Z,176.54
2019-01-08T06:45:00Z,196.21
2019-01-08T07:00:00Z,202.9
2019-01-08T07:15:00Z,207.56
2019-01-08T07:30:00Z,212.77
2019-01-08T07:45:00Z,227.75
2019-01-08T08:00:00Z,245.27
2019-01-08T08:15:00Z,259.21
2019-01-08T08:30:00Z,268.61
2019-01-08T08:45:00Z,273.96
2019-01-08T09:00:00Z,277.93
2019-01-08T09:15:00Z,283.89
2019-01-08T09:30:00Z,288.82
2019-01-08T09:45:00Z,294.07
2019-01-08T10:00:00Z,293.67
2019-01-08T10:15:00Z,296.7
2019-01-08T10:30:00Z,294.0
2019-01-08T10:45:00Z,286.83
2019-01-08T11:00:00Z,289.73
2019-01-08T11:15:00Z,281.44
2019-01-08T11:30:00Z,273.71
2019-01-08T11:45:00Z,272.48
2019-01-08T12:00:00Z,278.69
2019-01-08T12:15:00Z,284.05
2019-01-08T12:30:00Z,282.67
2019-01-08T12:45:00Z,282.2
2019-01-08T13:00:00Z,281.26
2019-01-08T13:15:00Z,276.54
2019-01-08T13:30:00Z,274.81
2019-01-08T13:45:00Z,275.2
2019-01-08T14:00:00Z,276.1
2019-01-08T14:15:00Z,271.88
2019-01-08T14:30:00Z,270.7
2019-01-08T14:45:00Z,266.01
2019-01-08T15:00:00Z,267.16
2019-01-08T15:15:00Z,265.21
2019-01-08T15:30:00Z,263.43
2019-01-08T15:45:00Z,260.34
2019-01-08T16:00:00Z,259.4
2019-01-08T16:15:00Z,257.83
2019-01-08T16:30:00Z,259.8
2019-01-08T16:45:00Z,260.87
2019-01-08T17:00:00Z,257.63
2019-01-08T17:15:00Z,250.55
2019-01-08T17:30:00Z,234.69
2019-01-08T17:45:00Z,210.15
2019-01-08T18:00:00Z,187.08
2019-01-08T18:15:00Z,172.02
2019-01-08T18:30:00Z,159.64
2019-01-08T18:45:00Z,151.99
2019-01-08T19:00:00Z,178.31
2019-01-08T19:15:00Z,179.69
2019-01-08T19:30:00Z,148.09
2019-01-08T19:45:00Z,134.17
2019-01-08T20:00:00Z,131.0
2019-01-08T20:15:00Z,127.55
2019-01-08T20:30:00Z,125.0
2019-01-08T20:45:00Z,128.44
2019-01-08T21:00:00Z,162.69
2019-01-08T21:15:00Z,142.04
2019-01-08T21:30:00Z,118.86
2019-01-08T21:45:00Z,105.72
2019-01-08T22:00:00Z,79.0
2019-01-08T22:15:00Z,60.82
2019-01-08T22:30:00Z,56.35
2019-01-08T22:45:00Z,55.78
2019-01-08T23:00:00Z,55.68
2019-01-08T23:15:00Z,53.04
2019-01-08T23:30:00Z,50.44
2019-01-08T23:45:00Z,51.01
2019-01-09T00:00:00Z,50.83
2019-01-09T00:15:00Z,50.86
2019-01-09T00:30:00Z,51.99
2019-01-09T00:45:00Z,52.31
2019-01-09T01:00:00Z,52.45
2019-01-09T01:15:00Z,52.24
2019-01-09T01:30:00Z,53.15
2019-01-09T01:45:00Z,53.94
2019-01-09T02:00:00Z,54.24
2019-01-09T02:15:00Z,53.8
2019-01-09T02:30:00Z,53.26
2019-01-09T02:45:00Z,54.15
2019-01-09T03:00:00Z,53.75
2019-01-09T03:15:00Z,55.35
2019-01-09T03:30:00Z,60.79
2019-01-09T03:45:00Z,64.06
2019-01-09T04:00:00Z,64.44
2019-01-09T04:15:00Z,64.29
2019-01-09T04:30:00Z,65.13
2019-01-09T04:45:00Z,67.27
2019-01-09T05:00:00Z,70.67
2019-01-09T05:15:00Z,77.13
2019-01-09T05:30:00Z,97.66
2019-01-09T05:45:00Z,142.59
2019-01-09T06:00:00Z,166.84
2019-01-09T06:15:00Z,158.23
2019-01-09T06:30:00Z,162.71
2019-01-09T06:45:00Z,185.75
2019-01-09T07:00:00Z,203.18
2019-01-09T07:15:00Z,204.17
2019-01-09T07:30:00Z,228.92
2019-01-09T07:45:00Z,236.78
2019-01-09T08:00:00Z,235.63
2019-01-09T08:15:00Z,248.38
2019-01-09T08:30:00Z,263.56
2019-01-09T08:45:00Z,269.91
2019-01-09T09:00:00Z,278.73
2019-01-09T09:15:00Z,283.85
2019-01-09T09:30:00Z,281.92
2019-01-09T09:45:00Z,280.27
2019-01-09T10:00:00Z,275.54
2019-01-09T10:15:00Z,270.32
2019-01-09T10:30:00Z,266.46
2019-01-09T10:45:00Z,271.74
2019-01-09T11:00:00Z,274.86
2019-01-09T11:15:00Z,268.8
2019-01-09T11:30:00Z,264.79
2019-01-09T11:45:00Z,261.55
2019-01-09T12:00:00Z,263.56
2019-01-09T12:15:00Z,258.85
2019-01-09T12:30:00Z,260.11
2019-01-09T12:45:00Z,259.27
2019-01-09T13:00:00Z,256.87
2019-01-09T13:15:00Z,249.75
2019-01-09T13:30:00Z,245.33
2019-01-09T13:45:00Z,248.77
2019-01-09T14:00:00Z,250.83
2019-01-09T14:15:00Z,252.49
2019-01-09T14:30:00Z,245.92
2019-01-09T14:45:00Z,248.68
2019-01-09T15:00:00Z,249.26
2019-01-09T15:15:00Z,246.87
2019-01-09T15:30:00Z,244.87
2019-01-09T15:45:00Z,250.64
2019-01-09T16:00:00Z,254.41
2019-01-09T16:15:00Z,254.42
2019-01-09T16:30:00Z,253.56
2019-01-09T16:45:00Z,251.26
2019-01-09T17:00:00Z,244.85
2019-01-09T17:15:00Z,243.98
2019-01-09T17:30:00Z,232.33
2019-01-09T17:45:00Z,203.82
2019-01-09T18:00:00Z,178.25
2019-01-09T18:15:00Z,163.22
2019-01-09T18:30:00Z,157.92
2019-01-09T18:45:00Z,155.78
2019-01-09T19:00:00Z,189.76
2019-01-09T19:15:00Z,188.14
2019-01-09T19:30:00Z,154.64
2019-01-09T19:45:00Z,142.19
2019-01-09T20:00:00Z,139.49
2019-01-09T20:15:00Z,136.47
2019-01-09T20:30:00Z,135.4
2019-01-09T20:45:00Z,137.27
2019-01-09T21:00:00Z,177.64
2019-01-09T21:15:00Z,157.0
2019-01-09T21:30:00Z,132.54
2019-01-09T21:45:00Z,140.61
2019-01-09T22:00:00Z,109.34
2019-01-09T22:15:00Z,77.55
2019-01-09T22:30:00Z,69.33
2019-01-09T22:45:00Z,62.15
2019-01-09T23:00:00Z,57.86
2019-01-09T23:15:00Z,56.81
2019-01-09T23:30:00Z,54.35
2019-01-09T23:45:00Z,52.93
2019-01-10T00:00:00Z,53.39
2019-01-10T00:15:00Z,53.74
2019-01-10T00:30:00Z,53.48
2019-01-10T00:45:00Z,53.41
2019-01-10T01:00:00Z,53.88
2019-01-10T01:15:00Z,54.17
2019-01-10T01:30:00Z,53.98
2019-01-10T01:45:00Z,54.1
2019-01-10T02:00:00Z,54.09
2019-01-10T02:15:00Z,53.95
2019-01-10T02:30:00Z,54.2
2019-01-10T02:45:00Z,53.99
2019-01-10T03:00:00Z,53.8
2019-01-10T03:15:00Z,54.27
2019-01-10T03:30:00Z,60.71
2019-01-10T03:45:00Z,65.0
2019-01-10T04:00:00Z,65.93
2019-01-10T04:15:00Z,68.22
2019-01-10T04:30:00Z,69.94
2019-01-10T04:45:00Z,69.87
2019-01-10T05:00:00Z,78.17
2019-01-10T05:15:00Z,89.13
2019-01-10T05:30:00Z,105.89
2019-01-10T05:45:00Z,159.91
2019-01-10T06:00:00Z,178.18
2019-01-10T06:15:00Z,169.97
2019-01-10T06:30:00Z,166.66
2019-01-10T06:45:00Z,184.43
2019-01-10T07:00:00Z,204.64
2019-01-10T07:15:00Z,218.27
2019-01-10T07:30:00Z,228.78
2019-01-10T07:45:00Z,233.93
2019-01-10T08:00:00Z,241.26
2019-01-10T08:15:00Z,248.76
2019-01-10T08:30:00Z,259.52
2019-01-10T08:45:00Z,269.86
2019-01-10T09:00:00Z,276.55
2019-01-10T09:15:00Z,278.68
2019-01-10T09:30:00Z,279.2
2019-01-10T09:45:00Z,280.49
2019-01-10T10:00:00Z,284.6
2019-01-10T10:15:00Z,279.84
2019-01-10T10:30:00Z,276.88
2019-01-10T10:45:00Z,279.71
2019-01-10T11:00:00Z,285.47
2019-01-10T11:15:00Z,277.56
2019-01-10T11:30:00Z,276.03
2019-01-10T11:45:00Z,278.13
2019-01-10T12:00:00Z,281.54
2019-01-10T12:15:00Z,282.36
2019-01-10T12:30:00Z,280.99
2019-01-10T12:45:00Z,271.87
2019-01-10T13:00:00Z,270.33
2019-01-10T13:15:00Z,273.11
2019-01-10T13:30:00Z,272.19
2019-01-10T13:45:00Z,270.65
2019-01-10T14:00:00Z,274.07
2019-01-10T14:15:00Z,270.42
2019-01-10T14:30:00Z,265.49
2019-01-10T14:45:00Z,266.59
2019-01-10T15:00:00Z,267.94
2019-01-10T15:15:00Z,263.32
2019-01-10T15:30:00Z,262.26
2019-01-10T15:45:00Z,264.68
2019-01-10T16:00:00Z,264.62
2019-01-10T16:15:00Z,263.44
2019-01-10T16:30:00Z,259.64
2019-01-10T16:45:00Z,255.29
2019-01-10T17:00:00Z,252.34
2019-01-10T17:15:00Z,248.64
2019-01-10T17:30:00Z,230.88
2019-01-10T17:45:00Z,203.91
2019-01-10T18:00:00Z,176.06
2019-01-10T18:15:00Z,161.12
2019-01-10T18:30:00Z,153.39
2019-01-10T18:45:00Z,149.52
2019-01-10T19:00:00Z,168.16
2019-01-10T19:15:00Z,198.11
2019-01-10T19:30:00Z,166.69
2019-01-10T19:45:00Z,147.73
2019-01-10T20:00:00Z,148.01
2019-01-10T20:15:00Z,143.23
2019-01-10T20:30:00Z,141.38
2019-01-10T20:45:00Z,166.32
2019-01-10T21:00:00Z,182.33
2019-01-10T21:15:00Z,150.71
2019-01-10T21:30:00Z,131.15
2019-01-10T21:45:00Z,113.48
2019-01-10T22:00:00Z,87.3
2019-01-10T22:15:00Z,72.74
2019-01-10T22:30:00Z,68.57
2019-01-10T22:45:00Z,68.04
2019-01-10T23:00:00Z,66.08
2019-01-10T23:15:00Z,57.3
2019-01-10T23:30:00Z,52.8
2019-01-10T23:45:00Z,52.67
2019-01-11T00:00:00Z,53.39
2019-01-11T00:15:00Z,54.01
2019-01-11T00:30:00Z,53.68
2019-01-11T00:45:00Z,53.37
2019-01-11T01:00:00Z,53.18
2019-01-11T01:15:00Z,53.33
2019-01-11T01:30:00Z,53.82
2019-01-11T01:45:00Z,53.86
2019-01-11T02:00:00Z,53.39
2019-01-11T02:15:00Z,52.83
2019-01-11T02:30:00Z,53.54
2019-01-11T02:45:00Z,53.76
2019-01-11T03:00:00Z,53.24
2019-01-11T03:15:00Z,52.99
2019-01-11T03:30:00Z,56.11
2019-01-11T03:45:00Z,61.65
2019-01-11T04:00:00Z,64.12
2019-01-11T04:15:00Z,63.72
2019-01-11T04:30:00Z,64.99
2019-01-11T04:45:00Z,67.16
2019-01-11T05:00:00Z,70.31
2019-01-11T05:15:00Z,78.37
2019-01-11T05:30:00Z,93.45
2019-01-11T05:45:00Z,159.88
2019-01-11T06:00:00Z,171.92
2019-01-11T06:15:00Z,151.91
2019-01-11T06:30:00Z,161.41
2019-01-11T06:45:00Z,194.94
2019-01-11T07:00:00Z,211.12
2019-01-11T07:15:00Z,212.4
2019-01-11T07:30:00Z,222.62
2019-01-11T07:45:00Z,229.63
2019-01-11T08:00:00Z,232.02
2019-01-11T08:15:00Z,247.14
2019-01-11T08:30:00Z,256.96
2019-01-11T08:45:00Z,268.67
2019-01-11T09:00:00Z,280.36
2019-01-11T09:15:00Z,283.89
2019-01-11T09:30:00Z,287.51
2019-01-11T09:45:00Z,288.04
2019-01-11T10:00:00Z,286.05
2019-01-11T10:15:00Z,289.63
2019-01-11T10:30:00Z,287.19
2019-01-11T10:45:00Z,280.42
2019-01-11T11:00:00Z,281.38
2019-01-11T11:15:00Z,282.68
2019-01-11T11:30:00Z,275.42
2019-01-11T11:45:00Z,273.39
2019-01-11T12:00:00Z,282.5
2019-01-11T12:15:00Z,287.21
2019-01-11T12:30:00Z,285.73
2019-01-11T12:45:00Z,274.93
2019-01-11T13:00:00Z,270.54
2019-01-11T13:15:00Z,269.25
2019-01-11T13:30:00Z,269.93
2019-01-11T13:45:00Z,272.24
2019-01-11T14:00:00Z,272.66
2019-01-11T14:15:00Z,267.8
2019-01-11T14:30:00Z,262.91
2019-01-11T14:45:00Z,261.93
2019-01-11T15:00:00Z,263.69
2019-01-11T15:15:00Z,267.18
2019-01-11T15:30:00Z,267.6
2019-01-11T15:45:00Z,262.58
2019-01-11T16:00:00Z,257.27
2019-01-11T16:15:00Z,252.62
2019-01-11T16:30:00Z,247.78
2019-01-11T16:45:00Z,246.6
2019-01-11T17:00:00Z,241.74
2019-01-11T17:15:00Z,236.71
2019-01-11T17:30:00Z,214.06
2019-01-11T17:45:00Z,184.44
2019-01-11T18:00:00Z,160.84
2019-01-11T18:15:00Z,148.52
2019-01-11T18:30:00Z,147.66
2019-01-11T18:45:00Z,144.1
2019-01-11T19:00:00Z,165.98
2019-01-11T19:15:00Z,177.64
2019-01-11T19:30:00Z,138.36
2019-01-11T19:45:00Z,118.61
2019-01-11T20:00:00Z,117.91
2019-01-11T20:15:00Z,117.17
2019-01-11T20:30:00Z,116.57
2019-01-11T20:45:00Z,115.6
2019-01-11T21:00:00Z,140.04
2019-01-11T21:15:00Z,150.53
2019-01-11T21:30:00Z,122.84
2019-01-11T21:45:00Z,108.27
2019-01-11T22:00:00Z,89.22
2019-01-11T22:15:00Z,63.66
2019-01-11T22:30:00Z,54.26
2019-01-11T22:45:00Z,54.26
2019-01-11T23:00:00Z,52.08
2019-01-11T23:15:00Z,49.25
2019-01-11T23:30:00Z,48.15
2019-01-11T23:45:00Z,48.47
2019-01-12T00:00:00Z,49.21
2019-01-12T00:15:00Z,49.71
2019-01-12T00:30:00Z,48.72
2019-01-12T00:45:00Z,48.17
2019-01-12T01:00:00Z,48.22
2019-01-12T01:15:00Z,48.52
2019-01-12T01:30:00Z,48.25
2019-01-12T01:45:00Z,48.48
2019-01-12T02:00:00Z,48.2
2019-01-12T02:15:00Z,48.51
2019-01-12T02:30:00Z,48.71
2019-01-12T02:45:00Z,48.86
2019-01-12T03:00:00Z,48.7
2019-01-12T03:15:00Z,49.33
2019-01-12T03:30:00Z,48.73
2019-01-12T03:45:00Z,48.85
2019-01-12T04:00:00Z,48.65
2019-01-12T04:15:00Z,49.59
2019-01-12T04:30:00Z,50.19
2019-01-12T04:45:00Z,49.26
2019-01-12T05:00:00Z,48.75
2019-01-12T05:15:00Z,48.07
2019-01-12T05:30:00Z,49.0
2019-01-12T05:45:00Z,49.4
2019-01-12T06:00:00Z,48.58
2019-01-12T06:15:00Z,48.35
2019-01-12T06:30:00Z,50.86
2019-01-12T06:45:00Z,53.66
2019-01-12T07:00:00Z,54.58
2019-01-12T07:15:00Z,53.41
2019-01-12T07:30:00Z,53.48
2019-01-12T07:45:00Z,54.24
2019-01-12T08:00:00Z,53.22
2019-01-12T08:15:00Z,52.66
2019-01-12T08:30:00Z,53.8
2019-01-12T08:45:00Z,54.02
2019-01-12T09:00:00Z,53.33
2019-01-12T09:15:00Z,53.31
2019-01-12T09:30:00Z,53.63
2019-01-12T09:45:00Z,53.19
2019-01-12T10:00:00Z,53.25
2019-01-12T10:15:00Z,53.73
2019-01-12T10:30:00Z,53.86
2019-01-12T10:45:00Z,53.39
2019-01-12T11:00:00Z,52.94
2019-01-12T11:15:00Z,54.11
2019-01-12T11:30:00Z,55.03
2019-01-12T11:45:00Z,54.08
2019-01-12T12:00:00Z,52.64
2019-01-12T12:15:00Z,53.29
2019-01-12T12:30:00Z,54.22
2019-01-12T12:45:00Z,53.67
2019-01-12T13:00:00Z,54.39
2019-01-12T13:15:00Z,54.13
2019-01-12T13:30:00Z,53.45
2019-01-12T13:45:00Z,52.97
2019-01-12T14:00:00Z,53.23
2019-01-12T14:15:00Z,53.55
2019-01-12T14:30:00Z,53.43
2019-01-12T14:45:00Z,52.5
2019-01-12T15:00:00Z,53.5
2019-01-12T15:15:00Z,54.47
2019-01-12T15:30:00Z,54.41
2019-01-12T15:45:00Z,53.6
2019-01-12T16:00:00Z,53.18
2019-01-12T16:15:00Z,53.82
2019-01-12T16:30:00Z,53.79
2019-01-12T16:45:00Z,53.49
2019-01-12T17:00:00Z,53.14
2019-01-12T17:15:00Z,53.68
2019-01-12T17:30:00Z,54.12
2019-01-12T17:45:00Z,53.02
2019-01-12T18:00:00Z,52.98
2019-01-12T18:15:00Z,54.24
2019-01-12T18:30:00Z,54.34
2019-01-12T18:45:00Z,53.15
2019-01-12T19:00:00Z,52.54
2019-01-12T19:15:00Z,53.63
2019-01-12T19:30:00Z,54.92
2019-01-12T19:45:00Z,51.46
2019-01-12T20:00:00Z,48.3
2019-01-12T20:15:00Z,49.29
2019-01-12T20:30:00Z,49.59
2019-01-12T20:45:00Z,49.2
2019-01-12T21:00:00Z,49.05
2019-01-12T21:15:00Z,49.02
2019-01-12T21:30:00Z,49.5
2019-01-12T21:45:00Z,49.43
2019-01-12T22:00:00Z,48.45
2019-01-12T22:15:00Z,48.69
2019-01-12T22:30:00Z,49.87
2019-01-12T22:45:00Z,49.57
2019-01-12T23:00:00Z,48.76
2019-01-12T23:15:00Z,48.61
2019-01-12T23:30:00Z,49.36
2019-01-12T23:45:00Z,49.35
2019-01-13T00:00:00Z,49.34
2019-01-13T00:15:00Z,48.99
2019-01-13T00:30:00Z,49.24
2019-01-13T00:45:00Z,49.89
2019-01-13T01:00:00Z,49.85
2019-01-13T01:15:00Z,48.44
2019-01-13T01:30:00Z,48.85
2019-01-13T01:45:00Z,49.56
2019-01-13T02:00:00Z,49.52
2019-01-13T02:15:00Z,49.25
2019-01-13T02:30:00Z,48.83
2019-01-13T02:45:00Z,50.44
2019-01-13T03:00:00Z,50.57
2019-01-13T03:15:00Z,49.57
2019-01-13T03:30:00Z,48.69
2019-01-13T03:45:00Z,48.48
2019-01-13T04:00:00Z,49.32
2019-01-13T04:15:00Z,49.71
2019-01-13T04:30:00Z,48.65
2019-01-13T04:45:00Z,49.41
2019-01-13T05:00:00Z,49.53
2019-01-13T05:15:00Z,48.97
2019-01-13T05:30:00Z,48.64
2019-01-13T05:45:00Z,48.41
2019-01-13T06:00:00Z,49.21
2019-01-13T06:15:00Z,49.42
2019-01-13T06:30:00Z,50.22
2019-01-13T06:45:00Z,52.81
2019-01-13T07:00:00Z,54.47
2019-01-13T07:15:00Z,53.78
2019-01-13T07:30:00Z,53.12
2019-01-13T07:45:00Z,53.45
2019-01-13T08:00:00Z,53.95
2019-01-13T08:15:00Z,54.51
2019-01-13T08:30:00Z,53.46
2019-01-13T08:45:00Z,53.0
2019-01-13T09:00:00Z,53.14
2019-01-13T09:15:00Z,53.76
2019-01-13T09:30:00Z,54.19
2019-01-13T09:45:00Z,53.42
2019-01-13T10:00:00Z,52.9
2019-01-13T10:15:00Z,53.27
2019-01-13T10:30:00Z,52.64
2019-01-13T10:45:00Z,53.8
2019-01-13T11:00:00Z,54.95
2019-01-13T11:15:00Z,53.28
2019-01-13T11:30:00Z,53.34
2019-01-13T11:45:00Z,53.6
2019-01-13T12:00:00Z,52.75
2019-01-13T12:15:00Z,53.18
2019-01-13T12:30:00Z,53.48
2019-01-13T12:45:00Z,52.99
2019-01-13T13:00:00Z,53.27
2019-01-13T13:15:00Z,53.63
2019-01-13T13:30:00Z,53.19
2019-01-13T13:45:00Z,53.25
2019-01-13T14:00:00Z,54.28
2019-01-13T14:15:00Z,53.89
2019-01-13T14:30:00Z,53.19
2019-01-13T14:45:00Z,54.08
2019-01-13T15:00:00Z,53.65
2019-01-13T15:15:00Z,52.44
2019-01-13T15:30:00Z,53.3
2019-01-13T15:45:00Z,54.08
2019-01-13T16:00:00Z,53.0
2019-01-13T16:15:00Z,53.06
2019-01-13T16:30:00Z,53.05
2019-01-13T16:45:00Z,53.58
2019-01-13T17:00:00Z,53.92
2019-01-13T17:15:00Z,53.65
2019-01-13T17:30:00Z,53.01
2019-01-13T17:45:00Z,54.75
2019-01-13T18:00:00Z,71.03
2019-01-13T18:15:00Z,92.43
2019-01-13T18:30:00Z,91.24
2019-01-13T18:45:00Z,71.8
2019-01-13T19:00:00Z,64.25
2019-01-13T19:15:00Z,63.79
2019-01-13T19:30:00Z,63.87
2019-01-13T19:45:00Z,61.97
2019-01-13T20:00:00Z,60.16
2019-01-13T20:15:00Z,65.09
2019-01-13T20:30:00Z,100.42
2019-01-13T20:45:00Z,82.73
2019-01-13T21:00:00Z,61.66
2019-01-13T21:15:00Z,59.56
2019-01-13T21:30:00Z,58.99
2019-01-13T21:45:00Z,59.26
2019-01-13T22:00:00Z,58.97
2019-01-13T22:15:00Z,59.08
2019-01-13T22:30:00Z,87.72
2019-01-13T22:45:00Z,91.85
2019-01-13T23:00:00Z,68.87
2019-01-13T23:15:00Z,59.53
2019-01-13T23:30:00Z,59.54
2019-01-13T23:45:00Z,60.01
2019-01-14T00:00:00Z,61.9
2019-01-14T00:15:00Z,75.43
2019-01-14T00:30:00Z,126.33
2019-01-14T00:45:00Z,106.3
2019-01-14T01:00:00Z,70.88
2019-01-14T01:15:00Z,63.52
2019-01-14T01:30:00Z,63.64
2019-01-14T01:45:00Z,100.75
2019-01-14T02:00:00Z,127.0
2019-01-14T02:15:00Z,90.89
2019-01-14T02:30:00Z,66.73
2019-01-14T02:45:00Z,71.27
2019-01-14T03:00:00Z,78.78
2019-01-14T03:15:00Z,147.41
2019-01-14T03:30:00Z,170.48
2019-01-14T03:45:00Z,121.57
2019-01-14T04:00:00Z,88.3
2019-01-14T04:15:00Z,82.27
2019-01-14T04:30:00Z,85.22
2019-01-14T04:45:00Z,154.89
2019-01-14T05:00:00Z,162.11
2019-01-14T05:15:00Z,121.52
2019-01-14T05:30:00Z,100.83
2019-01-14T05:45:00Z,95.7
2019-01-14T06:00:00Z,101.68
2019-01-14T06:15:00Z,175.07
2019-01-14T06:30:00Z,196.03
2019-01-14T06:45:00Z,170.2
2019-01-14T07:00:00Z,152.92
2019-01-14T07:15:00Z,158.82
2019-01-14T07:30:00Z,186.49
2019-01-14T07:45:00Z,271.57
2019-01-14T08:00:00Z,273.71
2019-01-14T08:15:00Z,238.9
2019-01-14T08:30:00Z,226.47
2019-01-14T08:45:00Z,230.69
2019-01-14T09:00:00Z,259.15
2019-01-14T09:15:00Z,340.23
2019-01-14T09:30:00Z,323.39
2019-01-14T09:45:00Z,280.2
2019-01-14T10:00:00Z,280.9
2019-01-14T10:15:00Z,285.4
2019-01-14T10:30:00Z,292.05
2019-01-14T10:45:00Z,294.16
2019-01-14T11:00:00Z,294.34
2019-01-14T11:15:00Z,291.89
2019-01-14T11:30:00Z,289.45
2019-01-14T11:45:00Z,282.89
2019-01-14T12:00:00Z,289.2
2019-01-14T12:15:00Z,287.42
2019-01-14T12:30:00Z,284.43
2019-01-14T12:45:00Z,284.65
2019-01-14T13:00:00Z,280.98
2019-01-14T13:15:00Z,273.89
2019-01-14T13:30:00Z,272.16
2019-01-14T13:45:00Z,275.46
2019-01-14T14:00:00Z,275.31
2019-01-14T14:15:00Z,272.36
2019-01-14T14:30:00Z,269.61
2019-01-14T14:45:00Z,271.48
2019-01-14T15:00:00Z,277.42
2019-01-14T15:15:00Z,277.41
2019-01-14T15:30:00Z,269.53
2019-01-14T15:45:00Z,264.34
2019-01-14T16:00:00Z,260.05
2019-01-14T16:15:00Z,262.34
2019-01-14T16:30:00Z,256.71
2019-01-14T16:45:00Z,254.67
2019-01-14T17:00:00Z,258.05
2019-01-14T17:15:00Z,256.52
2019-01-14T17:30:00Z,241.38
2019-01-14T17:45:00Z,213.55
2019-01-14T18:00:00Z,183.82
2019-01-14T18:15:00Z,169.39
2019-01-14T18:30:00Z,160.69
2019-01-14T18:45:00Z,153.86
2019-01-14T19:00:00Z,193.33
2019-01-14T19:15:00Z,187.24
2019-01-14T19:30:00Z,155.7
2019-01-14T19:45:00Z,144.53
2019-01-14T20:00:00Z,141.35
2019-01-14T20:15:00Z,140.48
2019-01-14T20:30:00Z,138.89
2019-01-14T20:45:00Z,152.16
2019-01-14T21:00:00Z,182.7
2019-01-14T21:15:00Z,153.6
2019-01-14T21:30:00Z,131.15
2019-01-14T21:45:00Z,129.21
2019-01-14T22:00:00Z,103.62
2019-01-14T22:15:00Z,78.17
2019-01-14T22:30:00Z,71.09
2019-01-14T22:45:00Z,70.06
2019-01-14T23:00:00Z,69.82
2019-01-14T23:15:00Z,70.02
2019-01-14T23:30:00Z,61.47
2019-01-14T23:45:00Z,55.27
2019-01-15T00:00:00Z,54.54
2019-01-15T00:15:00Z,54.82
2019-01-15T00:30:00Z,54.91
2019-01-15T00:45:00Z,55.0
2019-01-15T01:00:00Z,55.07
2019-01-15T01:15:00Z,54.91
2019-01-15T01:30:00Z,54.66
2019-01-15T01:45:00Z,53.88
2019-01-15T02:00:00Z,54.74
2019-01-15T02:15:00Z,55.79
2019-01-15T02:30:00Z,54.88
2019-01-15T02:45:00Z,54.4
2019-01-15T03:00:00Z,55.0
2019-01-15T03:15:00Z,56.21
2019-01-15T03:30:00Z,59.69
2019-01-15T03:45:00Z,64.37
2019-01-15T04:00:00Z,65.5
2019-01-15T04:15:00Z,65.86
2019-01-15T04:30:00Z,68.28
2019-01-15T04:45:00Z,70.01
2019-01-15T05:00:00Z,70.07
2019-01-15T05:15:00Z,72.13
2019-01-15T05:30:00Z,95.49
2019-01-15T05:45:00Z,147.89
2019-01-15T06:00:00Z,162.35
2019-01-15T06:15:00Z,149.55
2019-01-15T06:30:00Z,159.08
2019-01-15T06:45:00Z,187.77
2019-01-15T07:00:00Z,205.31
2019-01-15T07:15:00Z,219.19
2019-01-15T07:30:00Z,233.12
2019-01-15T07:45:00Z,239.54
2019-01-15T08:00:00Z,246.52
2019-01-15T08:15:00Z,265.06
2019-01-15T08:30:00Z,279.51
2019-01-15T08:45:00Z,288.0
2019-01-15T09:00:00Z,297.83
2019-01-15T09:15:00Z,294.19
2019-01-15T09:30:00Z,289.18
2019-01-15T09:45:00Z,288.63
2019-01-15T10:00:00Z,290.67
2019-01-15T10:15:00Z,284.48
2019-01-15T10:30:00Z,282.41
2019-01-15T10:45:00Z,286.96
2019-01-15T11:00:00Z,283.89
2019-01-15T11:15:00Z,286.48
2019-01-15T11:30:00Z,279.65
2019-01-15T11:45:00Z,277.07
2019-01-15T12:00:00Z,281.54
2019-01-15T12:15:00Z,276.39
2019-01-15T12:30:00Z,273.45
2019-01-15T12:45:00Z,273.89
2019-01-15T13:00:00Z,275.28
2019-01-15T13:15:00Z,274.85
2019-01-15T13:30:00Z,278.44
2019-01-15T13:45:00Z,277.78
2019-01-15T14:00:00Z,275.04
2019-01-15T14:15:00Z,271.71
2019-01-15T14:30:00Z,273.13
2019-01-15T14:45:00Z,272.54
2019-01-15T15:00:00Z,270.46
2019-01-15T15:15:00Z,266.62
2019-01-15T15:30:00Z,265.52
2019-01-15T15:45:00Z,264.26
2019-01-15T16:00:00Z,262.23
2019-01-15T16:15:00Z,265.27
2019-01-15T16:30:00Z,264.89
2019-01-15T16:45:00Z,260.06
2019-01-15T17:00:00Z,254.59
2019-01-15T17:15:00Z,248.06
2019-01-15T17:30:00Z,235.34
2019-01-15T17:45:00Z,206.4
2019-01-15T18:00:00Z,177.32
2019-01-15T18:15:00Z,165.16
2019-01-15T18:30:00Z,160.3
2019-01-15T18:45:00Z,155.58
2019-01-15T19:00:00Z,157.81
2019-01-15T19:15:00Z,197.99
2019-01-15T19:30:00Z,179.1
2019-01-15T19:45:00Z,153.69
2019-01-15T20:00:00Z,147.25
2019-01-15T20:15:00Z,143.86
2019-01-15T20:30:00Z,142.62
2019-01-15T20:45:00Z,139.37
2019-01-15T21:00:00Z,146.6
2019-01-15T21:15:00Z,177.91
2019-01-15T21:30:00Z,151.44
2019-01-15T21:45:00Z,129.4
2019-01-15T22:00:00Z,114.2
2019-01-15T22:15:00Z,84.11
2019-01-15T22:30:00Z,65.03
2019-01-15T22:45:00Z,61.82
2019-01-15T23:00:00Z,61.91
2019-01-15T23:15:00Z,61.8
2019-01-15T23:30:00Z,54.96
2019-01-15T23:45:00Z,49.22
2019-01-16T00:00:00Z,47.83
2019-01-16T00:15:00Z,47.83
2019-01-16T00:30:00Z,47.53
2019-01-16T00:45:00Z,47.28
2019-01-16T01:00:00Z,47.54
2019-01-16T01:15:00Z,47.77
2019-01-16T01:30:00Z,47.73
2019-01-16T01:45:00Z,47.43
2019-01-16T02:00:00Z,48.01
2019-01-16T02:15:00Z,47.83
2019-01-16T02:30:00Z,48.24
2019-01-16T02:45:00Z,48.22
2019-01-16T03:00:00Z,47.83
2019-01-16T03:15:00Z,47.79
2019-01-16T03:30:00Z,52.27
2019-01-16T03:45:00Z,55.94
2019-01-16T04:00:00Z,56.53
2019-01-16T04:15:00Z,59.3
2019-01-16T04:30:00Z,60.15
2019-01-16T04:45:00Z,59.84
2019-01-16T05:00:00Z,60.78
2019-01-16T05:15:00Z,65.23
2019-01-16T05:30:00Z,84.81
2019-01-16T05:45:00Z,108.48
2019-01-16T06:00:00Z,113.18
2019-01-16T06:15:00Z,130.2
2019-01-16T06:30:00Z,160.25
2019-01-16T06:45:00Z,178.21
2019-01-16T07:00:00Z,182.68
2019-01-16T07:15:00Z,197.29
2019-01-16T07:30:00Z,211.97
2019-01-16T07:45:00Z,221.06
2019-01-16T08:00:00Z,237.28
2019-01-16T08:15:00Z,247.51
2019-01-16T08:30:00Z,257.38
2019-01-16T08:45:00Z,263.73
2019-01-16T09:00:00Z,267.21
2019-01-16T09:15:00Z,265.87
2019-01-16T09:30:00Z,265.33
2019-01-16T09:45:00Z,266.77
2019-01-16T10:00:00Z,272.99
2019-01-16T10:15:00Z,281.03
2019-01-16T10:30:00Z,279.67
2019-01-16T10:45:00Z,278.6
2019-01-16T11:00:00Z,279.47
2019-01-16T11:15:00Z,275.09
2019-01-16T11:30:00Z,267.29
2019-01-16T11:45:00Z,261.99
2019-01-16T12:00:00Z,270.26
2019-01-16T12:15:00Z,272.01
2019-01-16T12:30:00Z,269.64
2019-01-16T12:45:00Z,269.76
2019-01-16T13:00:00Z,269.83
2019-01-16T13:15:00Z,270.84
2019-01-16T13:30:00Z,267.72
2019-01-16T13:45:00Z,269.99
2019-01-16T14:00:00Z,268.55
2019-01-16T14:15:00Z,267.67
2019-01-16T14:30:00Z,267.41
2019-01-16T14:45:00Z,265.42
2019-01-16T15:00:00Z,259.75
2019-01-16T15:15:00Z,257.4
2019-01-16T15:30:00Z,257.85
2019-01-16T15:45:00Z,262.24
2019-01-16T16:00:00Z,264.86
2019-01-16T16:15:00Z,265.52
2019-01-16T16:30:00Z,256.76
2019-01-16T16:45:00Z,256.2
2019-01-16T17:00:00Z,254.88
2019-01-16T17:15:00Z,251.84
2019-01-16T17:30:00Z,233.25
2019-01-16T17:45:00Z,200.3
2019-01-16T18:00:00Z,169.2
2019-01-16T18:15:00Z,152.7
2019-01-16T18:30:00Z,147.94
2019-01-16T18:45:00Z,149.29
2019-01-16T19:00:00Z,154.24
2019-01-16T19:15:00Z,189.65
2019-01-16T19:30:00Z,169.24
2019-01-16T19:45:00Z,141.26
2019-01-16T20:00:00Z,135.34
2019-01-16T20:15:00Z,133.66
2019-01-16T20:30:00Z,132.04
2019-01-16T20:45:00Z,130.27
2019-01-16T21:00:00Z,140.18
2019-01-16T21:15:00Z,169.49
2019-01-16T21:30:00Z,144.67
2019-01-16T21:45:00Z,124.51
2019-01-16T22:00:00Z,99.75
2019-01-16T22:15:00Z,68.94
2019-01-16T22:30:00Z,58.33
2019-01-16T22:45:00Z,57.66
2019-01-16T23:00:00Z,57.83
2019-01-16T23:15:00Z,56.9
2019-01-16T23:30:00Z,53.45
2019-01-16T23:45:00Z,52.48
2019-01-17T00:00:00Z,51.89
2019-01-17T00:15:00Z,51.55
2019-01-17T00:30:00Z,51.4
2019-01-17T00:45:00Z,51.56
2019-01-17T01:00:00Z,52.21
2019-01-17T01:15:00Z,51.71
2019-01-17T01:30:00Z,51.53
2019-01-17T01:45:00Z,51.45
2019-01-17T02:00:00Z,51.95
2019-01-17T02:15:00Z,52.71
2019-01-17T02:30:00Z,53.95
2019-01-17T02:45:00Z,NaN
2019-01-17T03:00:00Z,55.03
2019-01-17T03:15:00Z,57.02
2019-01-17T03:30:00Z,63.26
2019-01-17T03:45:00Z,65.94
2019-01-17T04:00:00Z,64.57
2019-01-17T04:15:00Z,63.54
2019-01-17T04:30:00Z,63.11
2019-01-17T04:45:00Z,63.3
2019-01-17T05:00:00Z,66.8
2019-01-17T05:15:00Z,69.58
2019-01-17T05:30:00Z,86.64
2019-01-17T05:45:00Z,136.96
2019-01-17T06:00:00Z,159.44
2019-01-17T06:15:00Z,154.16
2019-01-17T06:30:00Z,165.78
2019-01-17T06:45:00Z,185.9
2019-01-17T07:00:00Z,200.97
2019-01-17T07:15:00Z,207.28
2019-01-17T07:30:00Z,230.33
2019-01-17T07:45:00Z,248.25
2019-01-17T08:00:00Z,252.78
2019-01-17T08:15:00Z,260.82
2019-01-17T08:30:00Z,266.0
2019-01-17T08:45:00Z,273.47
2019-01-17T09:00:00Z,282.97
2019-01-17T09:15:00Z,291.7
2019-01-17T09:30:00Z,290.98
2019-01-17T09:45:00Z,285.72
2019-01-17T10:00:00Z,292.32
2019-01-17T10:15:00Z,293.18
2019-01-17T10:30:00Z,288.14
2019-01-17T10:45:00Z,288.54
2019-01-17T11:00:00Z,289.78
2019-01-17T11:15:00Z,292.53
2019-01-17T11:30:00Z,292.73
2019-01-17T11:45:00Z,288.15
2019-01-17T12:00:00Z,292.68
2019-01-17T12:15:00Z,293.36
2019-01-17T12:30:00Z,289.98
2019-01-17T12:45:00Z,285.88
2019-01-17T13:00:00Z,286.59
2019-01-17T13:15:00Z,283.19
2019-01-17T13:30:00Z,279.27
2019-01-17T13:45:00Z,277.59
2019-01-17T14:00:00Z,277.5
2019-01-17T14:15:00Z,277.68
2019-01-17T14:30:00Z,275.27
2019-01-17T14:45:00Z,270.4
2019-01-17T15:00:00Z,272.02
2019-01-17T15:15:00Z,274.64
2019-01-17T15:30:00Z,278.38
2019-01-17T15:45:00Z,276.05
2019-01-17T16:00:00Z,277.2
2019-01-17T16:15:00Z,276.6
2019-01-17T16:30:00Z,270.38
2019-01-17T16:45:00Z,265.95
2019-01-17T17:00:00Z,265.62
2019-01-17T17:15:00Z,264.69
2019-01-17T17:30:00Z,251.79
2019-01-17T17:45:00Z,227.1
2019-01-17T18:00:00Z,195.35
2019-01-17T18:15:00Z,177.11
2019-01-17T18:30:00Z,164.38
2019-01-17T18:45:00Z,152.05
2019-01-17T19:00:00Z,149.23
2019-01-17T19:15:00Z,187.83
2019-01-17T19:30:00Z,175.15
2019-01-17T19:45:00Z,144.8
2019-01-17T20:00:00Z,136.06
2019-01-17T20:15:00Z,131.49
2019-01-17T20:30:00Z,127.87
2019-01-17T20:45:00Z,125.92
2019-01-17T21:00:00Z,128.31
2019-01-17T21:15:00Z,165.9
2019-01-17T21:30:00Z,146.98
2019-01-17T21:45:00Z,123.4
2019-01-17T22:00:00Z,97.51
2019-01-17T22:15:00Z,67.42
2019-01-17T22:30:00Z,57.15
2019-01-17T22:45:00Z,55.41
2019-01-17T23:00:00Z,53.88
2019-01-17T23:15:00Z,51.7
2019-01-17T23:30:00Z,50.87
2019-01-17T23:45:00Z,50.4
2019-01-18T00:00:00Z,50.36
2019-01-18T00:15:00Z,50.45
2019-01-18T00:30:00Z,49.99
2019-01-18T00:45:00Z,50.43
2019-01-18T01:00:00Z,50.4
2019-01-18T01:15:00Z,50.12
2019-01-18T01:30:00Z,49.62
2019-01-18T01:45:00Z,50.03
2019-01-18T02:00:00Z,50.49
2019-01-18T02:15:00Z,50.81
2019-01-18T02:30:00Z,50.93
2019-01-18T02:45:00Z,50.49
2019-01-18T03:00:00Z,51.15
2019-01-18T03:15:00Z,54.3
2019-01-18T03:30:00Z,59.24
2019-01-18T03:45:00Z,62.08
2019-01-18T04:00:00Z,66.35
2019-01-18T04:15:00Z,67.27
2019-01-18T04:30:00Z,66.44
2019-01-18T04:45:00Z,69.52
2019-01-18T05:00:00Z,76.84
2019-01-18T05:15:00Z,81.79
2019-01-18T05:30:00Z,99.35
2019-01-18T05:45:00Z,168.38
2019-01-18T06:00:00Z,169.54
2019-01-18T06:15:00Z,147.56
2019-01-18T06:30:00Z,158.41
2019-01-18T06:45:00Z,189.02
2019-01-18T07:00:00Z,205.22
2019-01-18T07:15:00Z,214.43
2019-01-18T07:30:00Z,220.53
2019-01-18T07:45:00Z,232.88
2019-01-18T08:00:00Z,235.11
2019-01-18T08:15:00Z,246.49
2019-01-18T08:30:00Z,261.0
2019-01-18T08:45:00Z,275.28
2019-01-18T09:00:00Z,285.41
2019-01-18T09:15:00Z,288.59
2019-01-18T09:30:00Z,288.03
2019-01-18T09:45:00Z,284.61
2019-01-18T10:00:00Z,281.98
2019-01-18T10:15:00Z,286.25
2019-01-18T10:30:00Z,280.19
2019-01-18T10:45:00Z,278.57
2019-01-18T11:00:00Z,285.88
2019-01-18T11:15:00Z,286.93
2019-01-18T11:30:00Z,285.18
2019-01-18T11:45:00Z,280.37
2019-01-18T12:00:00Z,286.97
2019-01-18T12:15:00Z,285.8
2019-01-18T12:30:00Z,280.33
2019-01-18T12:45:00Z,279.63
2019-01-18T13:00:00Z,282.26
2019-01-18T13:15:00Z,282.26
2019-01-18T13:30:00Z,279.38
2019-01-18T13:45:00Z,280.9
2019-01-18T14:00:00Z,284.5
2019-01-18T14:15:00Z,281.35
2019-01-18T14:30:00Z,275.32
2019-01-18T14:45:00Z,273.27
2019-01-18T15:00:00Z,276.85
2019-01-18T15:15:00Z,274.54
2019-01-18T15:30:00Z,269.81
2019-01-18T15:45:00Z,269.52
2019-01-18T16:00:00Z,271.54
2019-01-18T16:15:00Z,265.39
2019-01-18T16:30:00Z,259.49
2019-01-18T16:45:00Z,256.16
2019-01-18T17:00:00Z,252.82
2019-01-18T17:15:00Z,249.57
2019-01-18T17:30:00Z,233.89
2019-01-18T17:45:00Z,206.87
2019-01-18T18:00:00Z,191.28
2019-01-18T18:15:00Z,176.59
2019-01-18T18:30:00Z,160.67
2019-01-18T18:45:00Z,153.04
2019-01-18T19:00:00Z,149.25
2019-01-18T19:15:00Z,171.29
2019-01-18T19:30:00Z,181.43
2019-01-18T19:45:00Z,149.75
2019-01-18T20:00:00Z,141.39
2019-01-18T20:15:00Z,143.74
2019-01-18T20:30:00Z,135.25
2019-01-18T20:45:00Z,131.28
2019-01-18T21:00:00Z,127.31
2019-01-18T21:15:00Z,128.75
2019-01-18T21:30:00Z,170.16
2019-01-18T21:45:00Z,149.37
2019-01-18T22:00:00Z,95.38
2019-01-18T22:15:00Z,72.09
2019-01-18T22:30:00Z,67.23
2019-01-18T22:45:00Z,66.55
2019-01-18T23:00:00Z,67.38
2019-01-18T23:15:00Z,58.25
2019-01-18T23:30:00Z,52.85
2019-01-18T23:45:00Z,51.85
2019-01-19T00:00:00Z,51.67
2019-01-19T00:15:00Z,51.73
2019-01-19T00:30:00Z,51.65
2019-01-19T00:45:00Z,51.83
2019-01-19T01:00:00Z,51.66
2019-01-19T01:15:00Z,51.77
2019-01-19T01:30:00Z,51.41
2019-01-19T01:45:00Z,51.3
2019-01-19T02:00:00Z,52.27
2019-01-19T02:15:00Z,52.06
2019-01-19T02:30:00Z,51.63
2019-01-19T02:45:00Z,51.32
2019-01-19T03:00:00Z,52.03
2019-01-19T03:15:00Z,52.31
2019-01-19T03:30:00Z,52.3
2019-01-19T03:45:00Z,51.96
2019-01-19T04:00:00Z,51.39
2019-01-19T04:15:00Z,50.93
2019-01-19T04:30:00Z,51.15
2019-01-19T04:45:00Z,51.21
2019-01-19T05:00:00Z,51.05
2019-01-19T05:15:00Z,51.53
2019-01-19T05:30:00Z,51.14
2019-01-19T05:45:00Z,51.21
2019-01-19T06:00:00Z,51.09
2019-01-19T06:15:00Z,50.88
2019-01-19T06:30:00Z,52.85
2019-01-19T06:45:00Z,54.87
2019-01-19T07:00:00Z,56.44
2019-01-19T07:15:00Z,55.82
2019-01-19T07:30:00Z,55.41
2019-01-19T07:45:00Z,55.44
2019-01-19T08:00:00Z,55.69
2019-01-19T08:15:00Z,55.98
2019-01-19T08:30:00Z,55.6
2019-01-19T08:45:00Z,55.44
2019-01-19T09:00:00Z,55.77
2019-01-19T09:15:00Z,55.75
2019-01-19T09:30:00Z,55.42
2019-01-19T09:45:00Z,54.59
2019-01-19T10:00:00Z,54.94
2019-01-19T10:15:00Z,54.92
2019-01-19T10:30:00Z,55.25
2019-01-19T10:45:00Z,55.34
2019-01-19T11:00:00Z,55.23
2019-01-19T11:15:00Z,55.87
2019-01-19T11:30:00Z,55.83
2019-01-19T11:45:00Z,54.91
2019-01-19T12:00:00Z,55.51
2019-01-19T12:15:00Z,55.67
2019-01-19T12:30:00Z,55.38
2019-01-19T12:45:00Z,55.54
2019-01-19T13:00:00Z,55.41
2019-01-19T13:15:00Z,54.74
2019-01-19T13:30:00Z,54.72
2019-01-19T13:45:00Z,55.16
2019-01-19T14:00:00Z,54.84
2019-01-19T14:15:00Z,55.42
2019-01-19T14:30:00Z,54.95
2019-01-19T14:45:00Z,54.78
2019-01-19T15:00:00Z,54.82
2019-01-19T15:15:00Z,54.83
2019-01-19T15:30:00Z,55.43
2019-01-19T15:45:00Z,56.34
2019-01-19T16:00:00Z,55.94
2019-01-19T16:15:00Z,55.45
2019-01-19T16:30:00Z,55.26
2019-01-19T16:45:00Z,55.21
2019-01-19T17:00:00Z,55.51
2019-01-19T17:15:00Z,55.61
2019-01-19T17:30:00Z,56.21
2019-01-19T17:45:00Z,55.62
2019-01-19T18:00:00Z,55.42
2019-01-19T18:15:00Z,55.97
2019-01-19T18:30:00Z,55.67
2019-01-19T18:45:00Z,55.88
2019-01-19T19:00:00Z,55.81
2019-01-19T19:15:00Z,55.24
2019-01-19T19:30:00Z,55.62
2019-01-19T19:45:00Z,53.99
2019-01-19T20:00:00Z,51.57
2019-01-19T20:15:00Z,51.06
2019-01-19T20:30:00Z,51.29
2019-01-19T20:45:00Z,51.34
2019-01-19T21:00:00Z,51.36
2019-01-19T21:15:00Z,51.13
2019-01-19T21:30:00Z,51.07
2019-01-19T21:45:00Z,51.06
2019-01-19T22:00:00Z,51.21
2019-01-19T22:15:00Z,50.93
2019-01-19T22:30:00Z,51.14
2019-01-19T22:45:00Z,50.91
2019-01-19T23:00:00Z,51.45
2019-01-19T23:15:00Z,51.31
2019-01-19T23:30:00Z,51.82
2019-01-19T23:45:00Z,51.47
2019-01-20T00:00:00Z,51.69
2019-01-20T00:15:00Z,50.96
2019-01-20T00:30:00Z,50.8
2019-01-20T00:45:00Z,51.08
2019-01-20T01:00:00Z,50.96
2019-01-20T01:15:00Z,50.66
2019-01-20T01:30:00Z,51.26
2019-01-20T01:45:00Z,51.29
2019-01-20T02:00:00Z,51.05
2019-01-20T02:15:00Z,51.32
2019-01-20T02:30:00Z,52.11
2019-01-20T02:45:00Z,52.23
2019-01-20T03:00:00Z,51.96
2019-01-20T03:15:00Z,51.66
2019-01-20T03:30:00Z,51.49
2019-01-20T03:45:00Z,51.79
2019-01-20T04:00:00Z,51.34
2019-01-20T04:15:00Z,51.09
2019-01-20T04:30:00Z,51.78
2019-01-20T04:45:00Z,51.79
2019-01-20T05:00:00Z,51.35
2019-01-20T05:15:00Z,50.96
2019-01-20T05:30:00Z,51.85
2019-01-20T05:45:00Z,51.85
2019-01-20T06:00:00Z,51.14
2019-01-20T06:15:00Z,50.96
2019-01-20T06:30:00Z,52.98
2019-01-20T06:45:00Z,55.4
2019-01-20T07:00:00Z,55.44
2019-01-20T07:15:00Z,55.09
2019-01-20T07:30:00Z,55.55
2019-01-20T07:45:00Z,55.47
2019-01-20T08:00:00Z,55.43
2019-01-20T08:15:00Z,56.07
2019-01-20T08:30:00Z,55.77
2019-01-20T08:45:00Z,55.43
2019-01-20T09:00:00Z,55.32
2019-01-20T09:15:00Z,54.97
2019-01-20T09:30:00Z,55.49
2019-01-20T09:45:00Z,55.24
2019-01-20T10:00:00Z,54.91
2019-01-20T10:15:00Z,55.13
2019-01-20T10:30:00Z,55.41
2019-01-20T10:45:00Z,55.32
2019-01-20T11:00:00Z,55.0
2019-01-20T11:15:00Z,55.09
2019-01-20T11:30:00Z,56.28
2019-01-20T11:45:00Z,58.7
2019-01-20T12:00:00Z,59.22
2019-01-20T12:15:00Z,59.04
2019-01-20T12:30:00Z,59.24
2019-01-20T12:45:00Z,59.61
2019-01-20T13:00:00Z,58.96
2019-01-20T13:15:00Z,58.67
2019-01-20T13:30:00Z,59.64
2019-01-20T13:45:00Z,59.25
2019-01-20T14:00:00Z,58.86
2019-01-20T14:15:00Z,58.5
2019-01-20T14:30:00Z,59.12
2019-01-20T14:45:00Z,58.82
2019-01-20T15:00:00Z,58.92
2019-01-20T15:15:00Z,58.81
2019-01-20T15:30:00Z,58.66
2019-01-20T15:45:00Z,59.77
2019-01-20T16:00:00Z,63.01
2019-01-20T16:15:00Z,64.08
2019-01-20T16:30:00Z,63.46
2019-01-20T16:45:00Z,65.13
2019-01-20T17:00:00Z,66.45
2019-01-20T17:15:00Z,65.88
2019-01-20T17:30:00Z,65.45
2019-01-20T17:45:00Z,63.95
2019-01-20T18:00:00Z,82.33
2019-01-20T18:15:00Z,124.11
2019-01-20T18:30:00Z,97.38
2019-01-20T18:45:00Z,67.39
2019-01-20T19:00:00Z,63.16
2019-01-20T19:15:00Z,63.03
2019-01-20T19:30:00Z,62.89
2019-01-20T19:45:00Z,61.22
2019-01-20T20:00:00Z,59.4
2019-01-20T20:15:00Z,70.61
2019-01-20T20:30:00Z,98.92
2019-01-20T20:45:00Z,76.57
2019-01-20T21:00:00Z,59.25
2019-01-20T21:15:00Z,58.59
2019-01-20T21:30:00Z,58.31
2019-01-20T21:45:00Z,58.43
2019-01-20T22:00:00Z,58.67
2019-01-20T22:15:00Z,58.61
2019-01-20T22:30:00Z,77.63
2019-01-20T22:45:00Z,105.43
2019-01-20T23:00:00Z,77.3
2019-01-20T23:15:00Z,58.57
2019-01-20T23:30:00Z,59.3
2019-01-20T23:45:00Z,59.19
2019-01-21T00:00:00Z,60.75
2019-01-21T00:15:00Z,94.78
2019-01-21T00:30:00Z,121.41
2019-01-21T00:45:00Z,93.19
2019-01-21T01:00:00Z,73.03
2019-01-21T01:15:00Z,72.92
2019-01-21T01:30:00Z,80.48
2019-01-21T01:45:00Z,155.51
2019-01-21T02:00:00Z,152.56
2019-01-21T02:15:00Z,110.58
2019-01-21T02:30:00Z,100.2
2019-01-21T02:45:00Z,104.87
2019-01-21T03:00:00Z,115.02
2019-01-21T03:15:00Z,123.28
2019-01-21T03:30:00Z,125.62
2019-01-21T03:45:00Z,99.36
2019-01-21T04:00:00Z,85.26
2019-01-21T04:15:00Z,85.55
2019-01-21T04:30:00Z,87.79
2019-01-21T04:45:00Z,88.08
2019-01-21T05:00:00Z,88.13
2019-01-21T05:15:00Z,89.7
2019-01-21T05:30:00Z,96.12
2019-01-21T05:45:00Z,99.33
2019-01-21T06:00:00Z,98.65
2019-01-21T06:15:00Z,105.1
2019-01-21T06:30:00Z,124.29
2019-01-21T06:45:00Z,146.13
2019-01-21T07:00:00Z,156.34
2019-01-21T07:15:00Z,157.93
2019-01-21T07:30:00Z,165.93
2019-01-21T07:45:00Z,185.7
2019-01-21T08:00:00Z,204.47
2019-01-21T08:15:00Z,220.95
2019-01-21T08:30:00Z,226.22
2019-01-21T08:45:00Z,237.78
2019-01-21T09:00:00Z,254.07
2019-01-21T09:15:00Z,257.98
2019-01-21T09:30:00Z,256.93
2019-01-21T09:45:00Z,265.34
2019-01-21T10:00:00Z,321.77
2019-01-21T10:15:00Z,355.44
2019-01-21T10:30:00Z,306.54
2019-01-21T10:45:00Z,278.54
2019-01-21T11:00:00Z,284.13
2019-01-21T11:15:00Z,290.92
2019-01-21T11:30:00Z,288.08
2019-01-21T11:45:00Z,283.36
2019-01-21T12:00:00Z,288.55
2019-01-21T12:15:00Z,286.54
2019-01-21T12:30:00Z,284.01
2019-01-21T12:45:00Z,285.06
2019-01-21T13:00:00Z,283.57
2019-01-21T13:15:00Z,277.0
2019-01-21T13:30:00Z,274.93
2019-01-21T13:45:00Z,272.92
2019-01-21T14:00:00Z,273.91
2019-01-21T14:15:00Z,273.84
2019-01-21T14:30:00Z,276.45
2019-01-21T14:45:00Z,274.86
2019-01-21T15:00:00Z,272.43
2019-01-21T15:15:00Z,270.17
2019-01-21T15:30:00Z,272.75
2019-01-21T15:45:00Z,274.22
2019-01-21T16:00:00Z,273.75
2019-01-21T16:15:00Z,269.44
2019-01-21T16:30:00Z,270.92
2019-01-21T16:45:00Z,272.91
2019-01-21T17:00:00Z,276.11
2019-01-21T17:15:00Z,271.79
2019-01-21T17:30:00Z,250.0
2019-01-21T17:45:00Z,217.89
2019-01-21T18:00:00Z,184.99
2019-01-21T18:15:00Z,171.44
2019-01-21T18:30:00Z,168.28
2019-01-21T18:45:00Z,163.02
2019-01-21T19:00:00Z,176.57
2019-01-21T19:15:00Z,197.92
2019-01-21T19:30:00Z,167.11
2019-01-21T19:45:00Z,146.45
2019-01-21T20:00:00Z,142.72
2019-01-21T20:15:00Z,138.46
2019-01-21T20:30:00Z,136.98
2019-01-21T20:45:00Z,135.85
2019-01-21T21:00:00Z,130.24
2019-01-21T21:15:00Z,149.21
2019-01-21T21:30:00Z,161.88
2019-01-21T21:45:00Z,121.52
2019-01-21T22:00:00Z,85.83
2019-01-21T22:15:00Z,74.33
2019-01-21T22:30:00Z,66.58
2019-01-21T22:45:00Z,60.39
2019-01-21T23:00:00Z,57.98
2019-01-21T23:15:00Z,55.15
2019-01-21T23:30:00Z,54.25
2019-01-21T23:45:00Z,54.57
2019-01-22T00:00:00Z,55.49
2019-01-22T00:15:00Z,55.1
2019-01-22T00:30:00Z,54.71
2019-01-22T00:45:00Z,54.54
2019-01-22T01:00:00Z,54.39
2019-01-22T01:15:00Z,54.28
2019-01-22T01:30:00Z,54.89
2019-01-22T01:45:00Z,55.83
2019-01-22T02:00:00Z,54.93
2019-01-22T02:15:00Z,57.52
2019-01-22T02:30:00Z,58.8
2019-01-22T02:45:00Z,59.03
2019-01-22T03:00:00Z,59.34
2019-01-22T03:15:00Z,63.75
2019-01-22T03:30:00Z,69.42
2019-01-22T03:45:00Z,70.93
2019-01-22T04:00:00Z,70.94
2019-01-22T04:15:00Z,70.41
2019-01-22T04:30:00Z,77.69
2019-01-22T04:45:00Z,82.73
2019-01-22T05:00:00Z,83.51
2019-01-22T05:15:00Z,86.95
2019-01-22T05:30:00Z,102.93
2019-01-22T05:45:00Z,165.65
2019-01-22T06:00:00Z,181.12
2019-01-22T06:15:00Z,154.21
2019-01-22T06:30:00Z,155.32
2019-01-22T06:45:00Z,183.06
2019-01-22T07:00:00Z,200.51
2019-01-22T07:15:00Z,214.96
2019-01-22T07:30:00Z,235.39
2019-01-22T07:45:00Z,250.2
2019-01-22T08:00:00Z,261.31
2019-01-22T08:15:00Z,266.66
2019-01-22T08:30:00Z,275.15
2019-01-22T08:45:00Z,283.85
2019-01-22T09:00:00Z,290.81
2019-01-22T09:15:00Z,288.22
2019-01-22T09:30:00Z,291.55
2019-01-22T09:45:00Z,293.75
2019-01-22T10:00:00Z,294.55
2019-01-22T10:15:00Z,289.15
2019-01-22T10:30:00Z,284.85
2019-01-22T10:45:00Z,286.08
2019-01-22T11:00:00Z,287.43
2019-01-22T11:15:00Z,287.69
2019-01-22T11:30:00Z,282.2
2019-01-22T11:45:00Z,281.94
2019-01-22T12:00:00Z,290.69
2019-01-22T12:15:00Z,294.08
2019-01-22T12:30:00Z,293.2
2019-01-22T12:45:00Z,291.99
2019-01-22T13:00:00Z,289.21
2019-01-22T13:15:00Z,282.19
2019-01-22T13:30:00Z,281.28
2019-01-22T13:45:00Z,281.43
2019-01-22T14:00:00Z,284.04
2019-01-22T14:15:00Z,282.74
2019-01-22T14:30:00Z,282.84
2019-01-22T14:45:00Z,281.04
2019-01-22T15:00:00Z,278.8
2019-01-22T15:15:00Z,275.16
2019-01-22T15:30:00Z,272.28
2019-01-22T15:45:00Z,273.11
2019-01-22T16:00:00Z,276.32
2019-01-22T16:15:00Z,272.5
2019-01-22T16:30:00Z,269.27
2019-01-22T16:45:00Z,265.17
2019-01-22T17:00:00Z,261.55
2019-01-22T17:15:00Z,257.78
2019-01-22T17:30:00Z,234.95
2019-01-22T17:45:00Z,206.31
2019-01-22T18:00:00Z,188.56
2019-01-22T18:15:00Z,171.19
2019-01-22T18:30:00Z,162.64
2019-01-22T18:45:00Z,157.22
2019-01-22T19:00:00Z,160.42
2019-01-22T19:15:00Z,192.26
2019-01-22T19:30:00Z,164.04
2019-01-22T19:45:00Z,138.27
2019-01-22T20:00:00Z,135.43
2019-01-22T20:15:00Z,132.52
2019-01-22T20:30:00Z,128.94
2019-01-22T20:45:00Z,126.75
2019-01-22T21:00:00Z,124.78
2019-01-22T21:15:00Z,160.05
2019-01-22T21:30:00Z,151.65
2019-01-22T21:45:00Z,123.72
2019-01-22T22:00:00Z,90.33
2019-01-22T22:15:00Z,69.56
2019-01-22T22:30:00Z,64.4
2019-01-22T22:45:00Z,63.31
2019-01-22T23:00:00Z,62.87
2019-01-22T23:15:00Z,61.19
2019-01-22T23:30:00Z,58.56
2019-01-22T23:45:00Z,57.18
2019-01-23T00:00:00Z,57.73
2019-01-23T00:15:00Z,57.42
2019-01-23T00:30:00Z,57.15
2019-01-23T00:45:00Z,57.0
2019-01-23T01:00:00Z,57.88
2019-01-23T01:15:00Z,58.51
2019-01-23T01:30:00Z,58.19
2019-01-23T01:45:00Z,58.99
2019-01-23T02:00:00Z,58.64
2019-01-23T02:15:00Z,58.41
2019-01-23T02:30:00Z,59.3
2019-01-23T02:45:00Z,59.26
2019-01-23T03:00:00Z,60.69
2019-01-23T03:15:00Z,66.91
2019-01-23T03:30:00Z,70.6
2019-01-23T03:45:00Z,74.31
2019-01-23T04:00:00Z,76.17
2019-01-23T04:15:00Z,75.64
2019-01-23T04:30:00Z,79.61
2019-01-23T04:45:00Z,86.05
2019-01-23T05:00:00Z,88.22
2019-01-23T05:15:00Z,92.83
2019-01-23T05:30:00Z,110.99
2019-01-23T05:45:00Z,172.96
2019-01-23T06:00:00Z,187.22
2019-01-23T06:15:00Z,162.21
2019-01-23T06:30:00Z,171.44
2019-01-23T06:45:00Z,194.05
2019-01-23T07:00:00Z,215.83
2019-01-23T07:15:00Z,225.81
2019-01-23T07:30:00Z,231.93
2019-01-23T07:45:00Z,241.13
2019-01-23T08:00:00Z,252.23
2019-01-23T08:15:00Z,260.79
2019-01-23T08:30:00Z,270.15
2019-01-23T08:45:00Z,275.93
2019-01-23T09:00:00Z,285.75
2019-01-23T09:15:00Z,290.99
2019-01-23T09:30:00Z,290.47
2019-01-23T09:45:00Z,287.0
2019-01-23T10:00:00Z,277.13
2019-01-23T10:15:00Z,290.93
2019-01-23T10:30:00Z,295.34
2019-01-23T10:45:00Z,287.21
2019-01-23T11:00:00Z,288.47
2019-01-23T11:15:00Z,287.0
2019-01-23T11:30:00Z,279.55
2019-01-23T11:45:00Z,271.23
2019-01-23T12:00:00Z,276.97
2019-01-23T12:15:00Z,276.77
2019-01-23T12:30:00Z,276.96
2019-01-23T12:45:00Z,274.61
2019-01-23T13:00:00Z,272.0
2019-01-23T13:15:00Z,269.54
2019-01-23T13:30:00Z,267.98
2019-01-23T13:45:00Z,270.73
2019-01-23T14:00:00Z,272.6
2019-01-23T14:15:00Z,265.04
2019-01-23T14:30:00Z,262.99
2019-01-23T14:45:00Z,268.06
2019-01-23T15:00:00Z,270.3
2019-01-23T15:15:00Z,273.28
2019-01-23T15:30:00Z,272.03
2019-01-23T15:45:00Z,268.89
2019-01-23T16:00:00Z,269.23
2019-01-23T16:15:00Z,270.5
2019-01-23T16:30:00Z,274.94
2019-01-23T16:45:00Z,271.08
2019-01-23T17:00:00Z,270.05
2019-01-23T17:15:00Z,267.6
2019-01-23T17:30:00Z,249.24
2019-01-23T17:45:00Z,215.02
2019-01-23T18:00:00Z,183.51
2019-01-23T18:15:00Z,168.62
2019-01-23T18:30:00Z,162.47
2019-01-23T18:45:00Z,156.84
2019-01-23T19:00:00Z,162.84
2019-01-23T19:15:00Z,200.04
2019-01-23T19:30:00Z,174.33
2019-01-23T19:45:00Z,148.4
2019-01-23T20:00:00Z,145.44
2019-01-23T20:15:00Z,142.02
2019-01-23T20:30:00Z,138.03
2019-01-23T20:45:00Z,138.92
2019-01-23T21:00:00Z,177.89
2019-01-23T21:15:00Z,164.99
2019-01-23T21:30:00Z,137.47
2019-01-23T21:45:00Z,118.65
2019-01-23T22:00:00Z,83.83
2019-01-23T22:15:00Z,65.03
2019-01-23T22:30:00Z,61.77
2019-01-23T22:45:00Z,61.51
2019-01-23T23:00:00Z,60.99
2019-01-23T23:15:00Z,57.88
2019-01-23T23:30:00Z,56.01
2019-01-23T23:45:00Z,55.74
2019-01-24T00:00:00Z,56.06
2019-01-24T00:15:00Z,55.56
2019-01-24T00:30:00Z,55.81
2019-01-24T00:45:00Z,55.77
2019-01-24T01:00:00Z,57.31
2019-01-24T01:15:00Z,56.82
2019-01-24T01:30:00Z,56.49
2019-01-24T01:45:00Z,56.43
2019-01-24T02:00:00Z,56.57
2019-01-24T02:15:00Z,56.6
2019-01-24T02:30:00Z,56.56
2019-01-24T02:45:00Z,56.41
2019-01-24T03:00:00Z,60.16
2019-01-24T03:15:00Z,64.2
2019-01-24T03:30:00Z,66.58
2019-01-24T03:45:00Z,69.9
2019-01-24T04:00:00Z,72.01
2019-01-24T04:15:00Z,72.63
2019-01-24T04:30:00Z,72.33
2019-01-24T04:45:00Z,78.88
2019-01-24T05:00:00Z,84.71
2019-01-24T05:15:00Z,88.67
2019-01-24T05:30:00Z,104.69
2019-01-24T05:45:00Z,173.39
2019-01-24T06:00:00Z,178.37
2019-01-24T06:15:00Z,139.7
2019-01-24T06:30:00Z,143.15
2019-01-24T06:45:00Z,170.82
2019-01-24T07:00:00Z,185.54
2019-01-24T07:15:00Z,193.41
2019-01-24T07:30:00Z,220.42
2019-01-24T07:45:00Z,240.34
2019-01-24T08:00:00Z,252.59
2019-01-24T08:15:00Z,265.44
2019-01-24T08:30:00Z,277.03
2019-01-24T08:45:00Z,290.56
2019-01-24T09:00:00Z,295.91
2019-01-24T09:15:00Z,292.36
2019-01-24T09:30:00Z,294.36
2019-01-24T09:45:00Z,291.43
2019-01-24T10:00:00Z,296.45
2019-01-24T10:15:00Z,296.14
2019-01-24T10:30:00Z,295.29
2019-01-24T10:45:00Z,295.33
2019-01-24T11:00:00Z,293.44
2019-01-24T11:15:00Z,293.41
2019-01-24T11:30:00Z,287.07
2019-01-24T11:45:00Z,280.49
2019-01-24T12:00:00Z,280.48
2019-01-24T12:15:00Z,285.97
2019-01-24T12:30:00Z,288.29
2019-01-24T12:45:00Z,289.68
2019-01-24T13:00:00Z,288.36
2019-01-24T13:15:00Z,286.21
2019-01-24T13:30:00Z,282.43
2019-01-24T13:45:00Z,279.77
2019-01-24T14:00:00Z,280.32
2019-01-24T14:15:00Z,284.36
2019-01-24T14:30:00Z,283.89
2019-01-24T14:45:00Z,275.62
2019-01-24T15:00:00Z,279.79
2019-01-24T15:15:00Z,278.83
2019-01-24T15:30:00Z,276.77
2019-01-24T15:45:00Z,278.0
2019-01-24T16:00:00Z,274.8
2019-01-24T16:15:00Z,272.19
2019-01-24T16:30:00Z,274.2
2019-01-24T16:45:00Z,272.79
2019-01-24T17:00:00Z,273.37
2019-01-24T17:15:00Z,271.47
2019-01-24T17:30:00Z,255.61
2019-01-24T17:45:00Z,227.89
2019-01-24T18:00:00Z,196.64
2019-01-24T18:15:00Z,179.33
2019-01-24T18:30:00Z,166.31
2019-01-24T18:45:00Z,155.53
2019-01-24T19:00:00Z,159.44
2019-01-24T19:15:00Z,194.36
2019-01-24T19:30:00Z,172.96
2019-01-24T19:45:00Z,144.86
2019-01-24T20:00:00Z,134.91
2019-01-24T20:15:00Z,130.01
2019-01-24T20:30:00Z,128.19
2019-01-24T20:45:00Z,128.08
2019-01-24T21:00:00Z,163.19
2019-01-24T21:15:00Z,157.78
2019-01-24T21:30:00Z,129.08
2019-01-24T21:45:00Z,119.69
2019-01-24T22:00:00Z,96.6
2019-01-24T22:15:00Z,69.49
2019-01-24T22:30:00Z,61.16
2019-01-24T22:45:00Z,60.64
2019-01-24T23:00:00Z,60.03
2019-01-24T23:15:00Z,60.16
2019-01-24T23:30:00Z,60.04
2019-01-24T23:45:00Z,55.65
2019-01-25T00:00:00Z,54.17
2019-01-25T00:15:00Z,53.64
2019-01-25T00:30:00Z,53.11
2019-01-25T00:45:00Z,52.87
2019-01-25T01:00:00Z,53.22
2019-01-25T01:15:00Z,53.89
2019-01-25T01:30:00Z,54.5
2019-01-25T01:45:00Z,54.66
2019-01-25T02:00:00Z,54.9
2019-01-25T02:15:00Z,54.18
2019-01-25T02:30:00Z,53.51
2019-01-25T02:45:00Z,53.8
2019-01-25T03:00:00Z,54.25
2019-01-25T03:15:00Z,54.67
2019-01-25T03:30:00Z,59.17
2019-01-25T03:45:00Z,61.89
2019-01-25T04:00:00Z,66.43
2019-01-25T04:15:00Z,70.21
2019-01-25T04:30:00Z,70.65
2019-01-25T04:45:00Z,70.93
2019-01-25T05:00:00Z,76.53
2019-01-25T05:15:00Z,87.76
2019-01-25T05:30:00Z,106.59
2019-01-25T05:45:00Z,181.29
2019-01-25T06:00:00Z,183.47
2019-01-25T06:15:00Z,150.66
2019-01-25T06:30:00Z,163.32
2019-01-25T06:45:00Z,187.59
2019-01-25T07:00:00Z,207.31
2019-01-25T07:15:00Z,219.74
2019-01-25T07:30:00Z,237.26
2019-01-25T07:45:00Z,236.95
2019-01-25T08:00:00Z,239.02
2019-01-25T08:15:00Z,256.28
2019-01-25T08:30:00Z,273.65
2019-01-25T08:45:00Z,278.5
2019-01-25T09:00:00Z,289.71
2019-01-25T09:15:00Z,290.54
2019-01-25T09:30:00Z,289.54
2019-01-25T09:45:00Z,282.93
2019-01-25T10:00:00Z,281.44
2019-01-25T10:15:00Z,278.79
2019-01-25T10:30:00Z,281.84
2019-01-25T10:45:00Z,288.73
2019-01-25T11:00:00Z,291.52
2019-01-25T11:15:00Z,282.8
2019-01-25T11:30:00Z,274.26
2019-01-25T11:45:00Z,276.73
2019-01-25T12:00:00Z,281.55
2019-01-25T12:15:00Z,279.21
2019-01-25T12:30:00Z,282.48
2019-01-25T12:45:00Z,283.41
2019-01-25T13:00:00Z,281.62
2019-01-25T13:15:00Z,275.68
2019-01-25T13:30:00Z,271.9
2019-01-25T13:45:00Z,272.45
2019-01-25T14:00:00Z,273.78
2019-01-25T14:15:00Z,275.18
2019-01-25T14:30:00Z,275.66
2019-01-25T14:45:00Z,269.63
2019-01-25T15:00:00Z,267.32
2019-01-25T15:15:00Z,268.86
2019-01-25T15:30:00Z,268.81
2019-01-25T15:45:00Z,270.6
2019-01-25T16:00:00Z,269.96
2019-01-25T16:15:00Z,263.49
2019-01-25T16:30:00Z,257.55
2019-01-25T16:45:00Z,249.88
2019-01-25T17:00:00Z,244.9
2019-01-25T17:15:00Z,240.15
2019-01-25T17:30:00Z,225.54
2019-01-25T17:45:00Z,201.86
2019-01-25T18:00:00Z,182.71
2019-01-25T18:15:00Z,171.34
2019-01-25T18:30:00Z,165.09
2019-01-25T18:45:00Z,157.28
2019-01-25T19:00:00Z,199.07
2019-01-25T19:15:00Z,184.57
2019-01-25T19:30:00Z,146.56
2019-01-25T19:45:00Z,134.34
2019-01-25T20:00:00Z,133.41
2019-01-25T20:15:00Z,131.82
2019-01-25T20:30:00Z,124.01
2019-01-25T20:45:00Z,127.67
2019-01-25T21:00:00Z,161.86
2019-01-25T21:15:00Z,140.03
2019-01-25T21:30:00Z,105.99
2019-01-25T21:45:00Z,89.88
2019-01-25T22:00:00Z,75.21
2019-01-25T22:15:00Z,65.52
2019-01-25T22:30:00Z,62.25
2019-01-25T22:45:00Z,61.96
2019-01-25T23:00:00Z,62.54
2019-01-25T23:15:00Z,62.88
2019-01-25T23:30:00Z,62.81
2019-01-25T23:45:00Z,61.24
2019-01-26T00:00:00Z,58.72
2019-01-26T00:15:00Z,57.39
2019-01-26T00:30:00Z,57.25
2019-01-26T00:45:00Z,56.69
2019-01-26T01:00:00Z,57.01
2019-01-26T01:15:00Z,56.99
2019-01-26T01:30:00Z,56.5
2019-01-26T01:45:00Z,54.82
2019-01-26T02:00:00Z,55.63
2019-01-26T02:15:00Z,56.69
2019-01-26T02:30:00Z,55.75
2019-01-26T02:45:00Z,54.46
2019-01-26T03:00:00Z,55.14
2019-01-26T03:15:00Z,56.43
2019-01-26T03:30:00Z,55.69
2019-01-26T03:45:00Z,55.32
2019-01-26T04:00:00Z,55.7
2019-01-26T04:15:00Z,55.34
2019-01-26T04:30:00Z,55.32
2019-01-26T04:45:00Z,55.4
2019-01-26T05:00:00Z,55.39
2019-01-26T05:15:00Z,55.76
2019-01-26T05:30:00Z,55.43
2019-01-26T05:45:00Z,55.56
2019-01-26T06:00:00Z,55.78
2019-01-26T06:15:00Z,54.79
2019-01-26T06:30:00Z,56.8
2019-01-26T06:45:00Z,58.77
2019-01-26T07:00:00Z,59.58
2019-01-26T07:15:00Z,60.33
2019-01-26T07:30:00Z,59.77
2019-01-26T07:45:00Z,59.53
2019-01-26T08:00:00Z,59.99
2019-01-26T08:15:00Z,58.85
2019-01-26T08:30:00Z,60.06
2019-01-26T08:45:00Z,60.25
2019-01-26T09:00:00Z,59.28
2019-01-26T09:15:00Z,59.75
2019-01-26T09:30:00Z,59.88
2019-01-26T09:45:00Z,59.83
2019-01-26T10:00:00Z,59.26
2019-01-26T10:15:00Z,60.04
2019-01-26T10:30:00Z,60.01
2019-01-26T10:45:00Z,59.33
2019-01-26T11:00:00Z,59.25
2019-01-26T11:15:00Z,59.29
2019-01-26T11:30:00Z,59.84
2019-01-26T11:45:00Z,59.46
2019-01-26T12:00:00Z,59.19
2019-01-26T12:15:00Z,59.34
2019-01-26T12:30:00Z,59.53
2019-01-26T12:45:00Z,59.61
2019-01-26T13:00:00Z,59.66
2019-01-26T13:15:00Z,59.83
2019-01-26T13:30:00Z,59.7
2019-01-26T13:45:00Z,59.74
2019-01-26T14:00:00Z,59.71
2019-01-26T14:15:00Z,59.23
2019-01-26T14:30:00Z,59.85
2019-01-26T14:45:00Z,59.15
2019-01-26T15:00:00Z,59.42
2019-01-26T15:15:00Z,59.31
2019-01-26T15:30:00Z,59.02
2019-01-26T15:45:00Z,59.63
2019-01-26T16:00:00Z,59.61
2019-01-26T16:15:00Z,58.91
2019-01-26T16:30:00Z,58.67
2019-01-26T16:45:00Z,59.42
2019-01-26T17:00:00Z,60.06
2019-01-26T17:15:00Z,59.63
2019-01-26T17:30:00Z,59.33
2019-01-26T17:45:00Z,60.18
2019-01-26T18:00:00Z,60.36
2019-01-26T18:15:00Z,60.17
2019-01-26T18:30:00Z,59.14
2019-01-26T18:45:00Z,59.59
2019-01-26T19:00:00Z,59.93
2019-01-26T19:15:00Z,59.75
2019-01-26T19:30:00Z,58.68
2019-01-26T19:45:00Z,56.85
2019-01-26T20:00:00Z,55.79
2019-01-26T20:15:00Z,55.69
2019-01-26T20:30:00Z,55.2
2019-01-26T20:45:00Z,55.5
2019-01-26T21:00:00Z,56.27
2019-01-26T21:15:00Z,55.79
2019-01-26T21:30:00Z,54.96
2019-01-26T21:45:00Z,54.81
2019-01-26T22:00:00Z,55.4
2019-01-26T22:15:00Z,55.33
2019-01-26T22:30:00Z,54.8
2019-01-26T22:45:00Z,54.73
2019-01-26T23:00:00Z,55.02
2019-01-26T23:15:00Z,55.11
2019-01-26T23:30:00Z,54.81
2019-01-26T23:45:00Z,55.88
2019-01-27T00:00:00Z,56.39
2019-01-27T00:15:00Z,55.57
2019-01-27T00:30:00Z,54.63
2019-01-27T00:45:00Z,55.18
2019-01-27T01:00:00Z,55.05
2019-01-27T01:15:00Z,55.4
2019-01-27T01:30:00Z,55.09
2019-01-27T01:45:00Z,55.27
2019-01-27T02:00:00Z,55.9
2019-01-27T02:15:00Z,55.85
2019-01-27T02:30:00Z,55.65
2019-01-27T02:45:00Z,55.66
2019-01-27T03:00:00Z,55.59
2019-01-27T03:15:00Z,55.15
2019-01-27T03:30:00Z,55.88
2019-01-27T03:45:00Z,54.85
2019-01-27T04:00:00Z,54.99
2019-01-27T04:15:00Z,55.58
2019-01-27T04:30:00Z,55.55
2019-01-27T04:45:00Z,54.8
2019-01-27T05:00:00Z,54.88
2019-01-27T05:15:00Z,54.85
2019-01-27T05:30:00Z,55.38
2019-01-27T05:45:00Z,55.26
2019-01-27T06:00:00Z,55.2
2019-01-27T06:15:00Z,55.0
2019-01-27T06:30:00Z,56.44
2019-01-27T06:45:00Z,58.58
2019-01-27T07:00:00Z,59.18
2019-01-27T07:15:00Z,59.82
2019-01-27T07:30:00Z,59.26
2019-01-27T07:45:00Z,59.4
2019-01-27T08:00:00Z,59.54
2019-01-27T08:15:00Z,59.94
2019-01-27T08:30:00Z,58.99
2019-01-27T08:45:00Z,59.31
2019-01-27T09:00:00Z,60.11
2019-01-27T09:15:00Z,59.21
2019-01-27T09:30:00Z,59.08
2019-01-27T09:45:00Z,59.36
2019-01-27T10:00:00Z,59.54
2019-01-27T10:15:00Z,59.22
2019-01-27T10:30:00Z,59.0
2019-01-27T10:45:00Z,59.56
2019-01-27T11:00:00Z,59.78
2019-01-27T11:15:00Z,58.94
2019-01-27T11:30:00Z,59.11
2019-01-27T11:45:00Z,59.02
2019-01-27T12:00:00Z,59.47
2019-01-27T12:15:00Z,59.33
2019-01-27T12:30:00Z,59.04
2019-01-27T12:45:00Z,58.88
2019-01-27T13:00:00Z,59.2
2019-01-27T13:15:00Z,59.22
2019-01-27T13:30:00Z,58.76
2019-01-27T13:45:00Z,59.47
2019-01-27T14:00:00Z,59.61
2019-01-27T14:15:00Z,59.79
2019-01-27T14:30:00Z,59.37
2019-01-27T14:45:00Z,59.77
2019-01-27T15:00:00Z,59.93
2019-01-27T15:15:00Z,58.79
2019-01-27T15:30:00Z,57.83
2019-01-27T15:45:00Z,58.83
2019-01-27T16:00:00Z,59.53
2019-01-27T16:15:00Z,59.64
2019-01-27T16:30:00Z,62.92
2019-01-27T16:45:00Z,65.21
2019-01-27T17:00:00Z,66.25
2019-01-27T17:15:00Z,66.55
2019-01-27T17:30:00Z,66.84
2019-01-27T17:45:00Z,67.16
2019-01-27T18:00:00Z,83.64
2019-01-27T18:15:00Z,105.89
2019-01-27T18:30:00Z,83.08
2019-01-27T18:45:00Z,67.83
2019-01-27T19:00:00Z,68.57
2019-01-27T19:15:00Z,68.13
2019-01-27T19:30:00Z,68.51
2019-01-27T19:45:00Z,67.1
2019-01-27T20:00:00Z,65.59
2019-01-27T20:15:00Z,65.1
2019-01-27T20:30:00Z,64.87
2019-01-27T20:45:00Z,64.83
2019-01-27T21:00:00Z,64.86
2019-01-27T21:15:00Z,65.08
2019-01-27T21:30:00Z,64.64
2019-01-27T21:45:00Z,64.36
2019-01-27T22:00:00Z,65.03
2019-01-27T22:15:00Z,64.52
2019-01-27T22:30:00Z,64.34
2019-01-27T22:45:00Z,64.28
2019-01-27T23:00:00Z,65.03
2019-01-27T23:15:00Z,64.93
2019-01-27T23:30:00Z,64.88
2019-01-27T23:45:00Z,95.33
2019-01-28T00:00:00Z,117.32
2019-01-28T00:15:00Z,98.75
2019-01-28T00:30:00Z,76.61
2019-01-28T00:45:00Z,69.79
2019-01-28T01:00:00Z,69.09
2019-01-28T01:15:00Z,96.92
2019-01-28T01:30:00Z,125.42
2019-01-28T01:45:00Z,96.2
2019-01-28T02:00:00Z,78.0
2019-01-28T02:15:00Z,80.43
2019-01-28T02:30:00Z,91.33
2019-01-28T02:45:00Z,171.2
2019-01-28T03:00:00Z,160.12
2019-01-28T03:15:00Z,113.28
2019-01-28T03:30:00Z,104.73
2019-01-28T03:45:00Z,113.4
2019-01-28T04:00:00Z,125.9
2019-01-28T04:15:00Z,125.3
2019-01-28T04:30:00Z,119.86
2019-01-28T04:45:00Z,119.57
2019-01-28T05:00:00Z,128.93
2019-01-28T05:15:00Z,138.75
2019-01-28T05:30:00Z,138.23
2019-01-28T05:45:00Z,136.3
2019-01-28T06:00:00Z,136.28
2019-01-28T06:15:00Z,142.94
2019-01-28T06:30:00Z,159.07
2019-01-28T06:45:00Z,181.4
2019-01-28T07:00:00Z,191.21
2019-01-28T07:15:00Z,195.59
2019-01-28T07:30:00Z,210.15
2019-01-28T07:45:00Z,218.83
2019-01-28T08:00:00Z,229.99
2019-01-28T08:15:00Z,250.15
2019-01-28T08:30:00Z,264.45
2019-01-28T08:45:00Z,277.52
2019-01-28T09:00:00Z,290.86
2019-01-28T09:15:00Z,298.53
2019-01-28T09:30:00Z,301.64
2019-01-28T09:45:00Z,302.19
2019-01-28T10:00:00Z,299.7
2019-01-28T10:15:00Z,298.06
2019-01-28T10:30:00Z,298.78
2019-01-28T10:45:00Z,299.43
2019-01-28T11:00:00Z,296.06
2019-01-28T11:15:00Z,290.36
2019-01-28T11:30:00Z,286.19
2019-01-28T11:45:00Z,283.39
2019-01-28T12:00:00Z,291.55
2019-01-28T12:15:00Z,286.43
2019-01-28T12:30:00Z,284.06
2019-01-28T12:45:00Z,284.29
2019-01-28T13:00:00Z,275.72
2019-01-28T13:15:00Z,270.08
2019-01-28T13:30:00Z,263.88
2019-01-28T13:45:00Z,264.65
2019-01-28T14:00:00Z,262.9
2019-01-28T14:15:00Z,260.62
2019-01-28T14:30:00Z,259.51
2019-01-28T14:45:00Z,264.51
2019-01-28T15:00:00Z,267.05
2019-01-28T15:15:00Z,262.74
2019-01-28T15:30:00Z,260.23
2019-01-28T15:45:00Z,263.78
2019-01-28T16:00:00Z,266.86
2019-01-28T16:15:00Z,263.91
2019-01-28T16:30:00Z,261.94
2019-01-28T16:45:00Z,262.38
2019-01-28T17:00:00Z,260.28
2019-01-28T17:15:00Z,259.08
2019-01-28T17:30:00Z,244.64
2019-01-28T17:45:00Z,221.02
2019-01-28T18:00:00Z,193.22
2019-01-28T18:15:00Z,177.22
2019-01-28T18:30:00Z,171.0
2019-01-28T18:45:00Z,168.01
2019-01-28T19:00:00Z,202.43
2019-01-28T19:15:00Z,182.21
2019-01-28T19:30:00Z,151.28
2019-01-28T19:45:00Z,143.6
2019-01-28T20:00:00Z,138.79
2019-01-28T20:15:00Z,132.22
2019-01-28T20:30:00Z,127.47
2019-01-28T20:45:00Z,164.88
2019-01-28T21:00:00Z,159.18
2019-01-28T21:15:00Z,127.71
2019-01-28T21:30:00Z,119.1
2019-01-28T21:45:00Z,118.7
2019-01-28T22:00:00Z,105.2
2019-01-28T22:15:00Z,75.25
2019-01-28T22:30:00Z,58.32
2019-01-28T22:45:00Z,56.15
2019-01-28T23:00:00Z,55.45
2019-01-28T23:15:00Z,52.22
2019-01-28T23:30:00Z,50.42
2019-01-28T23:45:00Z,50.29
2019-01-29T00:00:00Z,50.72
2019-01-29T00:15:00Z,50.51
2019-01-29T00:30:00Z,50.72
2019-01-29T00:45:00Z,51.64
2019-01-29T01:00:00Z,51.61
2019-01-29T01:15:00Z,50.81
2019-01-29T01:30:00Z,51.11
2019-01-29T01:45:00Z,51.03
2019-01-29T02:00:00Z,50.43
2019-01-29T02:15:00Z,50.86
2019-01-29T02:30:00Z,51.11
2019-01-29T02:45:00Z,50.88
2019-01-29T03:00:00Z,50.85
2019-01-29T03:15:00Z,51.17
2019-01-29T03:30:00Z,55.93
2019-01-29T03:45:00Z,60.51
2019-01-29T04:00:00Z,62.2
2019-01-29T04:15:00Z,64.35
2019-01-29T04:30:00Z,67.09
2019-01-29T04:45:00Z,67.32
2019-01-29T05:00:00Z,68.37
2019-01-29T05:15:00Z,76.87
2019-01-29T05:30:00Z,100.3
2019-01-29T05:45:00Z,175.92
2019-01-29T06:00:00Z,168.14
2019-01-29T06:15:00Z,132.99
2019-01-29T06:30:00Z,148.67
2019-01-29T06:45:00Z,181.59
2019-01-29T07:00:00Z,202.59
2019-01-29T07:15:00Z,215.77
2019-01-29T07:30:00Z,230.06
2019-01-29T07:45:00Z,248.68
2019-01-29T08:00:00Z,261.07
2019-01-29T08:15:00Z,273.5
2019-01-29T08:30:00Z,280.26
2019-01-29T08:45:00Z,289.19
2019-01-29T09:00:00Z,296.28
2019-01-29T09:15:00Z,297.29
2019-01-29T09:30:00Z,295.16
2019-01-29T09:45:00Z,294.71
2019-01-29T10:00:00Z,293.45
2019-01-29T10:15:00Z,282.78
2019-01-29T10:30:00Z,280.45
2019-01-29T10:45:00Z,285.25
2019-01-29T11:00:00Z,293.98
2019-01-29T11:15:00Z,290.21
2019-01-29T11:30:00Z,287.59
2019-01-29T11:45:00Z,284.94
2019-01-29T12:00:00Z,288.14
2019-01-29T12:15:00Z,284.36
2019-01-29T12:30:00Z,282.75
2019-01-29T12:45:00Z,276.78
2019-01-29T13:00:00Z,276.35
2019-01-29T13:15:00Z,278.36
2019-01-29T13:30:00Z,274.75
2019-01-29T13:45:00Z,268.84
2019-01-29T14:00:00Z,273.33
2019-01-29T14:15:00Z,268.86
2019-01-29T14:30:00Z,268.34
2019-01-29T14:45:00Z,265.21
2019-01-29T15:00:00Z,263.35
2019-01-29T15:15:00Z,263.97
2019-01-29T15:30:00Z,268.1
2019-01-29T15:45:00Z,264.75
2019-01-29T16:00:00Z,267.69
2019-01-29T16:15:00Z,267.22
2019-01-29T16:30:00Z,265.59
2019-01-29T16:45:00Z,265.62
2019-01-29T17:00:00Z,263.68
2019-01-29T17:15:00Z,264.23
2019-01-29T17:30:00Z,246.67
2019-01-29T17:45:00Z,214.69
2019-01-29T18:00:00Z,177.9
2019-01-29T18:15:00Z,163.16
2019-01-29T18:30:00Z,161.78
2019-01-29T18:45:00Z,160.01
2019-01-29T19:00:00Z,196.73
2019-01-29T19:15:00Z,183.09
2019-01-29T19:30:00Z,146.42
2019-01-29T19:45:00Z,131.99
2019-01-29T20:00:00Z,128.28
2019-01-29T20:15:00Z,124.99
2019-01-29T20:30:00Z,122.72
2019-01-29T20:45:00Z,122.88
2019-01-29T21:00:00Z,159.45
2019-01-29T21:15:00Z,144.35
2019-01-29T21:30:00Z,122.42
2019-01-29T21:45:00Z,113.08
2019-01-29T22:00:00Z,87.17
2019-01-29T22:15:00Z,64.96
2019-01-29T22:30:00Z,58.69
2019-01-29T22:45:00Z,58.38
2019-01-29T23:00:00Z,57.77
2019-01-29T23:15:00Z,55.14
2019-01-29T23:30:00Z,54.68
2019-01-29T23:45:00Z,54.77
2019-01-30T00:00:00Z,54.28
2019-01-30T00:15:00Z,53.91
2019-01-30T00:30:00Z,54.29
2019-01-30T00:45:00Z,54.1
2019-01-30T01:00:00Z,54.17
2019-01-30T01:15:00Z,54.39
2019-01-30T01:30:00Z,54.5
2019-01-30T01:45:00Z,54.87
2019-01-30T02:00:00Z,55.44
2019-01-30T02:15:00Z,55.26
2019-01-30T02:30:00Z,55.32
2019-01-30T02:45:00Z,55.4
2019-01-30T03:00:00Z,55.4
2019-01-30T03:15:00Z,55.83
2019-01-30T03:30:00Z,61.97
2019-01-30T03:45:00Z,66.24
2019-01-30T04:00:00Z,67.98
2019-01-30T04:15:00Z,71.3
2019-01-30T04:30:00Z,73.65
2019-01-30T04:45:00Z,73.77
2019-01-30T05:00:00Z,75.46
2019-01-30T05:15:00Z,83.27
2019-01-30T05:30:00Z,104.5
2019-01-30T05:45:00Z,166.09
2019-01-30T06:00:00Z,160.56
2019-01-30T06:15:00Z,132.47
2019-01-30T06:30:00Z,144.09
2019-01-30T06:45:00Z,166.38
2019-01-30T07:00:00Z,182.67
2019-01-30T07:15:00Z,196.18
2019-01-30T07:30:00Z,208.17
2019-01-30T07:45:00Z,223.4
2019-01-30T08:00:00Z,246.21
2019-01-30T08:15:00Z,263.55
2019-01-30T08:30:00Z,279.87
2019-01-30T08:45:00Z,286.84
2019-01-30T09:00:00Z,286.44
2019-01-30T09:15:00Z,289.94
2019-01-30T09:30:00Z,285.24
2019-01-30T09:45:00Z,281.42
2019-01-30T10:00:00Z,280.23
2019-01-30T10:15:00Z,285.14
2019-01-30T10:30:00Z,291.38
2019-01-30T10:45:00Z,286.26
2019-01-30T11:00:00Z,284.55
2019-01-30T11:15:00Z,278.96
2019-01-30T11:30:00Z,272.8
2019-01-30T11:45:00Z,272.75
2019-01-30T12:00:00Z,276.25
2019-01-30T12:15:00Z,276.01
2019-01-30T12:30:00Z,279.99
2019-01-30T12:45:00Z,284.94
2019-01-30T13:00:00Z,285.62
2019-01-30T13:15:00Z,282.34
2019-01-30T13:30:00Z,278.59
2019-01-30T13:45:00Z,276.41
2019-01-30T14:00:00Z,276.66
2019-01-30T14:15:00Z,271.1
2019-01-30T14:30:00Z,269.13
2019-01-30T14:45:00Z,271.82
2019-01-30T15:00:00Z,273.03
2019-01-30T15:15:00Z,276.23
2019-01-30T15:30:00Z,272.86
2019-01-30T15:45:00Z,269.35
2019-01-30T16:00:00Z,264.98
2019-01-30T16:15:00Z,267.89
2019-01-30T16:30:00Z,266.3
2019-01-30T16:45:00Z,263.65
2019-01-30T17:00:00Z,263.44
2019-01-30T17:15:00Z,263.32
2019-01-30T17:30:00Z,243.45
2019-01-30T17:45:00Z,215.46
2019-01-30T18:00:00Z,187.25
2019-01-30T18:15:00Z,172.87
2019-01-30T18:30:00Z,169.77
2019-01-30T18:45:00Z,169.92
2019-01-30T19:00:00Z,193.78
2019-01-30T19:15:00Z,206.33
2019-01-30T19:30:00Z,178.2
2019-01-30T19:45:00Z,161.53
2019-01-30T20:00:00Z,154.1
2019-01-30T20:15:00Z,148.43
2019-01-30T20:30:00Z,150.94
2019-01-30T20:45:00Z,193.26
2019-01-30T21:00:00Z,175.27
2019-01-30T21:15:00Z,144.26
2019-01-30T21:30:00Z,138.59
2019-01-30T21:45:00Z,138.9
2019-01-30T22:00:00Z,117.29
2019-01-30T22:15:00Z,85.21
2019-01-30T22:30:00Z,73.21
2019-01-30T22:45:00Z,72.45
2019-01-30T23:00:00Z,66.18
2019-01-30T23:15:00Z,56.47
2019-01-30T23:30:00Z,53.72
2019-01-30T23:45:00Z,53.28
2019-01-31T00:00:00Z,52.96
2019-01-31T00:15:00Z,53.44
2019-01-31T00:30:00Z,53.66
2019-01-31T00:45:00Z,53.41
2019-01-31T01:00:00Z,52.89
2019-01-31T01:15:00Z,52.74
2019-01-31T01:30:00Z,53.34
2019-01-31T01:45:00Z,53.55
2019-01-31T02:00:00Z,53.28
2019-01-31T02:15:00Z,54.01
2019-01-31T02:30:00Z,53.74
2019-01-31T02:45:00Z,53.45
2019-01-31T03:00:00Z,55.9
2019-01-31T03:15:00Z,57.77
2019-01-31T03:30:00Z,62.99
2019-01-31T03:45:00Z,68.91
2019-01-31T04:00:00Z,70.59
2019-01-31T04:15:00Z,70.71
2019-01-31T04:30:00Z,73.36
2019-01-31T04:45:00Z,80.88
2019-01-31T05:00:00Z,83.47
2019-01-31T05:15:00Z,84.76
2019-01-31T05:30:00Z,102.68
2019-01-31T05:45:00Z,178.13
2019-01-31T06:00:00Z,181.78
2019-01-31T06:15:00Z,144.14
2019-01-31T06:30:00Z,161.67
2019-01-31T06:45:00Z,193.62
2019-01-31T07:00:00Z,212.67
2019-01-31T07:15:00Z,223.35
2019-01-31T07:30:00Z,239.55
2019-01-31T07:45:00Z,247.9
2019-01-31T08:00:00Z,256.48
2019-01-31T08:15:00Z,267.47
2019-01-31T08:30:00Z,275.99
2019-01-31T08:45:00Z,292.62
2019-01-31T09:00:00Z,300.42
2019-01-31T09:15:00Z,299.45
2019-01-31T09:30:00Z,291.44
2019-01-31T09:45:00Z,294.44
2019-01-31T10:00:00Z,302.3
2019-01-31T10:15:00Z,296.92
2019-01-31T10:30:00Z,297.38
2019-01-31T10:45:00Z,300.49
2019-01-31T11:00:00Z,295.52
2019-01-31T11:15:00Z,289.84
2019-01-31T11:30:00Z,281.65
2019-01-31T11:45:00Z,286.01
2019-01-31T12:00:00Z,296.77
2019-01-31T12:15:00Z,295.5
2019-01-31T12:30:00Z,296.67
2019-01-31T12:45:00Z,287.88
2019-01-31T13:00:00Z,283.96
2019-01-31T13:15:00Z,281.63
2019-01-31T13:30:00Z,283.45
2019-01-31T13:45:00Z,284.79
2019-01-31T14:00:00Z,283.7
2019-01-31T14:15:00Z,281.43
2019-01-31T14:30:00Z,275.54
2019-01-31T14:45:00Z,275.23
2019-01-31T15:00:00Z,280.83
2019-01-31T15:15:00Z,285.76
2019-01-31T15:30:00Z,280.97
2019-01-31T15:45:00Z,275.2
2019-01-31T16:00:00Z,274.67
2019-01-31T16:15:00Z,268.9
2019-01-31T16:30:00Z,269.74
2019-01-31T16:45:00Z,272.21
2019-01-31T17:00:00Z,267.2
2019-01-31T17:15:00Z,262.34
2019-01-31T17:30:00Z,249.66
2019-01-31T17:45:00Z,215.24
2019-01-31T18:00:00Z,182.48
2019-01-31T18:15:00Z,169.62
2019-01-31T18:30:00Z,165.69
2019-01-31T18:45:00Z,161.6
2019-01-31T19:00:00Z,167.42
2019-01-31T19:15:00Z,200.04
2019-01-31T19:30:00Z,167.06
2019-01-31T19:45:00Z,137.83
2019-01-31T20:00:00Z,133.82
2019-01-31T20:15:00Z,131.18
2019-01-31T20:30:00Z,129.98
2019-01-31T20:45:00Z,151.13
2019-01-31T21:00:00Z,165.07
2019-01-31T21:15:00Z,138.13
2019-01-31T21:30:00Z,122.45
2019-01-31T21:45:00Z,119.06
2019-01-31T22:00:00Z,92.49
2019-01-31T22:15:00Z,68.12
2019-01-31T22:30:00Z,61.98
2019-01-31T22:45:00Z,61.3
2019-01-31T23:00:00Z,59.38
2019-01-31T23:15:00Z,55.7
2019-01-31T23:30:00Z,54.34
2019-01-31T23:45:00Z,54.36